errorGroups.id,insertId,labels.container_name,labels.instanceId,labels.scaling_reason,logName,protoPayload.methodName,protoPayload.resourceName,"'protoPayload.response.@type",protoPayload.response.apiVersion,protoPayload.response.kind,"'protoPayload.response.metadata.annotations.""run.googleapis.com/build-id""","'protoPayload.response.metadata.annotations.""run.googleapis.com/build-source-location""","'protoPayload.response.metadata.annotations.""run.googleapis.com/client-name""","'protoPayload.response.metadata.annotations.""run.googleapis.com/client-version""","'protoPayload.response.metadata.annotations.""run.googleapis.com/operation-id""","'protoPayload.response.metadata.annotations.""run.googleapis.com/startup-cpu-boost""","'protoPayload.response.metadata.annotations.""serving.knative.dev/creator""",protoPayload.response.metadata.creationTimestamp,protoPayload.response.metadata.generation,"'protoPayload.response.metadata.labels.""client.knative.dev/nonce""","'protoPayload.response.metadata.labels.""cloud.googleapis.com/location""","'protoPayload.response.metadata.labels.""run.googleapis.com/startupProbeType""","'protoPayload.response.metadata.labels.""serving.knative.dev/configuration""","'protoPayload.response.metadata.labels.""serving.knative.dev/configurationGeneration""","'protoPayload.response.metadata.labels.""serving.knative.dev/route""","'protoPayload.response.metadata.labels.""serving.knative.dev/service""","'protoPayload.response.metadata.labels.""serving.knative.dev/serviceUid""",protoPayload.response.metadata.name,protoPayload.response.metadata.namespace,protoPayload.response.metadata.ownerReferences,protoPayload.response.metadata.resourceVersion,protoPayload.response.metadata.selfLink,protoPayload.response.metadata.uid,protoPayload.response.spec.containerConcurrency,protoPayload.response.spec.containers,protoPayload.response.spec.serviceAccountName,protoPayload.response.spec.timeoutSeconds,protoPayload.response.status.conditions,protoPayload.response.status.containerStatuses,protoPayload.response.status.imageDigest,protoPayload.response.status.logUrl,protoPayload.response.status.observedGeneration,protoPayload.serviceName,protoPayload.status.code,protoPayload.status.message,receiveLocation,receiveTimestamp,resource.labels.configuration_name,resource.labels.location,resource.labels.project_id,resource.labels.revision_name,resource.labels.service_name,resource.type,severity,textPayload,timestamp
,"'-z6u0vrddqai",,,,"'projects/from-group-to-game/logs/cloudaudit.googleapis.com%2Fsystem_event",/Services.CreateService,"'namespaces/from-group-to-game/revisions/from-group-to-game-backend-00001-hk8",type.googleapis.com/google.cloud.run.v1.Revision,serving.knative.dev/v1,Revision,"'{""from-group-to-game-backend-1"":""e99ef1cb-2295-4360-a5e5-2f89a7f2d72d""}","'{""from-group-to-game-backend-1"":""gs://run-sources-from-group-to-game-us-central1/services/from-group-to-game-backend/1778479887.790914-89545e797f484bceb6a129edfbeac14f.zip#1778479888037945""}",gcloud,546.0.0,"'5d88ae36-cd57-48b4-8037-5c8300de3b54",true,"'dmitry.paliychuk@gmail.com","'2026-05-11T06:12:45.031164Z",1,ynmchyjlmf,"'us-central1",Default,"'from-group-to-game-backend",1,"'from-group-to-game-backend","'from-group-to-game-backend","'8538a2ec-2e7b-4013-8576-876646ba32b3","'from-group-to-game-backend-00001-hk8",656681019973,"'[{""kind"":""Configuration"",""name"":""from-group-to-game-backend"",""uid"":""f847d79b-117e-4089-a88c-7d9b628c7ac2"",""apiVersion"":""serving.knative.dev/v1"",""controller"":true,""blockOwnerDeletion"":true}]",AAZRhKVAvtI,"'/apis/serving.knative.dev/v1/namespaces/656681019973/revisions/from-group-to-game-backend-00001-hk8","'9b8705b2-cc4a-49f4-b4a1-f8ef70fff397",80,"'[{""name"":""from-group-to-game-backend-1"",""image"":""us-central1-docker.pkg.dev/from-group-to-game/cloud-run-source-deploy/from-group-to-game-backend@sha256:427d9198cbb6baf442248da1ff2ef6f1c0c1e047a3b57c397fddc2f4b9b90319"",""ports"":[{""name"":""http1"",""containerPort"":8080}],""env"":[{""name"":""PROJECT_ID"",""value"":""656681019973""},{""name"":""LOCATION"",""value"":""us-central1""},{""name"":""AGENT_ENGINE_ID"",""value"":""1851591325070131200 # US Olympics Agent + RAG + Structured Output""},{""name"":""SERVICE_ACCOUNT"",""value"":""656681019973-compute@developer.gserviceaccount.com""}],""resources"":{""limits"":{""memory"":""512Mi"",""cpu"":""1000m""}},""startupProbe"":{""timeoutSeconds"":240,""periodSeconds"":240,""failureThreshold"":1,""tcpSocket"":{""port"":8080}}}]","'656681019973-compute@developer.gserviceaccount.com",300,"'[{""type"":""Ready"",""status"":""False"",""reason"":""HealthCheckContainerError"",""message"":""The user-provided container failed to start and listen on the port defined provided by the PORT=8080 environment variable within the allocated timeout. This can happen when the container port is misconfigured or if the timeout is too short. The health check timeout can be extended. Logs for this revision might contain more information.\n\nLogs URL: https://console.cloud.google.com/logs/viewer?project=from-group-to-game&resource=cloud_run_revision/service_name/from-group-to-game-backend/revision_name/from-group-to-game-backend-00001-hk8&advancedFilter=resource.type%3D%22cloud_run_revision%22%0Aresource.labels.service_name%3D%22from-group-to-game-backend%22%0Aresource.labels.revision_name%3D%22from-group-to-game-backend-00001-hk8%22 \nFor more troubleshooting guidance, see https://cloud.google.com/run/docs/troubleshooting#container-failed-to-start"",""lastTransitionTime"":""2026-05-11T06:13:30.280658Z""},{""type"":""ContainerHealthy"",""status"":""False"",""reason"":""HealthCheckContainerError"",""message"":""The user-provided container failed to start and listen on the port defined provided by the PORT=8080 environment variable within the allocated timeout. This can happen when the container port is misconfigured or if the timeout is too short. The health check timeout can be extended. Logs for this revision might contain more information.\n\nLogs URL: https://console.cloud.google.com/logs/viewer?project=from-group-to-game&resource=cloud_run_revision/service_name/from-group-to-game-backend/revision_name/from-group-to-game-backend-00001-hk8&advancedFilter=resource.type%3D%22cloud_run_revision%22%0Aresource.labels.service_name%3D%22from-group-to-game-backend%22%0Aresource.labels.revision_name%3D%22from-group-to-game-backend-00001-hk8%22 \nFor more troubleshooting guidance, see https://cloud.google.com/run/docs/troubleshooting#container-failed-to-start"",""lastTransitionTime"":""2026-05-11T06:13:30.280658Z""},{""type"":""ContainerReady"",""status"":""True"",""message"":""Container image import completed in 11.67s."",""lastTransitionTime"":""2026-05-11T06:12:57.425282Z""},{""type"":""ResourcesAvailable"",""status"":""True"",""message"":""Provisioning imported containers completed in 1.44s. Checking container health. This will wait for up to 4m for the configured startup probe, including an initial delay of 0s."",""lastTransitionTime"":""2026-05-11T06:12:58.862617Z""},{""type"":""Retry"",""status"":""True"",""reason"":""ImmediateRetry"",""message"":""System will retry after 00:00 from lastTransitionTime for attempt 0."",""lastTransitionTime"":""2026-05-11T06:12:58.862617Z"",""severity"":""Info""}]","'[{""name"":""from-group-to-game-backend-1"",""imageDigest"":""us-central1-docker.pkg.dev/from-group-to-game/cloud-run-source-deploy/from-group-to-game-backend@sha256:427d9198cbb6baf442248da1ff2ef6f1c0c1e047a3b57c397fddc2f4b9b90319""}]","'us-central1-docker.pkg.dev/from-group-to-game/cloud-run-source-deploy/from-group-to-game-backend@sha256:427d9198cbb6baf442248da1ff2ef6f1c0c1e047a3b57c397fddc2f4b9b90319","'https://console.cloud.google.com/logs/viewer?project=from-group-to-game&resource=cloud_run_revision/service_name/from-group-to-game-backend/revision_name/from-group-to-game-backend-00001-hk8&advancedFilter=resource.type%3D%22cloud_run_revision%22%0Aresource.labels.service_name%3D%22from-group-to-game-backend%22%0Aresource.labels.revision_name%3D%22from-group-to-game-backend-00001-hk8%22",1,run.googleapis.com,9,"'Ready condition status changed to False for Revision from-group-to-game-backend-00001-hk8 with message: The user-provided container failed to start and listen on the port defined provided by the PORT=8080 environment variable within the allocated timeout. This can happen when the container port is misconfigured or if the timeout is too short. The health check timeout can be extended. Logs for this revision might contain more information.

Logs URL: https://console.cloud.google.com/logs/viewer?project=from-group-to-game&resource=cloud_run_revision/service_name/from-group-to-game-backend/revision_name/from-group-to-game-backend-00001-hk8&advancedFilter=resource.type%3D%22cloud_run_revision%22%0Aresource.labels.service_name%3D%22from-group-to-game-backend%22%0Aresource.labels.revision_name%3D%22from-group-to-game-backend-00001-hk8%22 
For more troubleshooting guidance, see https://cloud.google.com/run/docs/troubleshooting#container-failed-to-start",,"'2026-05-11T06:13:30.965755617Z","'from-group-to-game-backend","'us-central1","'from-group-to-game","'from-group-to-game-backend-00001-hk8","'from-group-to-game-backend",cloud_run_revision,ERROR,,"'2026-05-11T06:13:30.295818Z"
,6a01738a00044632c6f18118,,0007b734d976475623b99a47d947180e8f6a5eda1d22b1d29f44b6e24f48d72f46d1331cd7f867b44853f749cd129a92f548732f668e1c2cfa8457f819fea8d63ef796abaa83c1c3fc436a199d00,,"'projects/from-group-to-game/logs/run.googleapis.com%2Fvarlog%2Fsystem",,,,,,,,,,,,,,,,,,,,,,,,,,,,,,,,,,,,,,,,,,"'2026-05-11T06:13:30.441791645Z","'from-group-to-game-backend","'us-central1","'from-group-to-game","'from-group-to-game-backend-00001-hk8","'from-group-to-game-backend",cloud_run_revision,ERROR,"'Default STARTUP TCP probe failed 1 time consecutively for container ""from-group-to-game-backend-1"" on port 8080. The instance was not started.
Connection failed with status CANCELLED.","'2026-05-11T06:13:30.280114Z"
,6a01738a000190b3462696fa,"'from-group-to-game-backend-1",0007b734d976475623b99a47d947180e8f6a5eda1d22b1d29f44b6e24f48d72f46d1331cd7f867b44853f749cd129a92f548732f668e1c2cfa8457f819fea8d63ef796abaa83c1c3fc436a199d00,,"'projects/from-group-to-game/logs/run.googleapis.com%2Fvarlog%2Fsystem",,,,,,,,,,,,,,,,,,,,,,,,,,,,,,,,,,,,,,,,,,"'2026-05-11T06:13:30.107085923Z","'from-group-to-game-backend","'us-central1","'from-group-to-game","'from-group-to-game-backend-00001-hk8","'from-group-to-game-backend",cloud_run_revision,WARNING,Container called exit(1).,"'2026-05-11T06:13:30.102457489Z"
,6a01738800039a7216deb76a,,0007b734d976475623b99a47d947180e8f6a5eda1d22b1d29f44b6e24f48d72f46d1331cd7f867b44853f749cd129a92f548732f668e1c2cfa8457f819fea8d63ef796abaa83c1c3fc436a199d00,,"'projects/from-group-to-game/logs/run.googleapis.com%2Fstderr",,,,,,,,,,,,,,,,,,,,,,,,,,,,,,,,,,,,,,,,,,"'2026-05-11T06:13:28.565261520Z","'from-group-to-game-backend","'us-central1","'from-group-to-game","'from-group-to-game-backend-00001-hk8","'from-group-to-game-backend",cloud_run_revision,,],"'2026-05-11T06:13:28.236146Z"
,6a01738800039a6f4fa0ad1b,,0007b734d976475623b99a47d947180e8f6a5eda1d22b1d29f44b6e24f48d72f46d1331cd7f867b44853f749cd129a92f548732f668e1c2cfa8457f819fea8d63ef796abaa83c1c3fc436a199d00,,"'projects/from-group-to-game/logs/run.googleapis.com%2Fstderr",,,,,,,,,,,,,,,,,,,,,,,,,,,,,,,,,,,,,,,,,,"'2026-05-11T06:13:28.565261520Z","'from-group-to-game-backend","'us-central1","'from-group-to-game","'from-group-to-game-backend-00001-hk8","'from-group-to-game-backend",cloud_run_revision,,},"'2026-05-11T06:13:28.236143Z"
,6a01738800039a6ce9d6c6c8,,0007b734d976475623b99a47d947180e8f6a5eda1d22b1d29f44b6e24f48d72f46d1331cd7f867b44853f749cd129a92f548732f668e1c2cfa8457f819fea8d63ef796abaa83c1c3fc436a199d00,,"'projects/from-group-to-game/logs/run.googleapis.com%2Fstderr",,,,,,,,,,,,,,,,,,,,,,,,,,,,,,,,,,,,,,,,,,"'2026-05-11T06:13:28.565261520Z","'from-group-to-game-backend","'us-central1","'from-group-to-game","'from-group-to-game-backend-00001-hk8","'from-group-to-game-backend",cloud_run_revision,,"'  description: ""Invalid ReasoningEngine resource name.""","'2026-05-11T06:13:28.236140Z"
,6a01738800039a697891dd29,,0007b734d976475623b99a47d947180e8f6a5eda1d22b1d29f44b6e24f48d72f46d1331cd7f867b44853f749cd129a92f548732f668e1c2cfa8457f819fea8d63ef796abaa83c1c3fc436a199d00,,"'projects/from-group-to-game/logs/run.googleapis.com%2Fstderr",,,,,,,,,,,,,,,,,,,,,,,,,,,,,,,,,,,,,,,,,,"'2026-05-11T06:13:28.565261520Z","'from-group-to-game-backend","'us-central1","'from-group-to-game","'from-group-to-game-backend-00001-hk8","'from-group-to-game-backend",cloud_run_revision,,"'  field: ""name""","'2026-05-11T06:13:28.236137Z"
,6a01738800039a67adc7fc98,,0007b734d976475623b99a47d947180e8f6a5eda1d22b1d29f44b6e24f48d72f46d1331cd7f867b44853f749cd129a92f548732f668e1c2cfa8457f819fea8d63ef796abaa83c1c3fc436a199d00,,"'projects/from-group-to-game/logs/run.googleapis.com%2Fstderr",,,,,,,,,,,,,,,,,,,,,,,,,,,,,,,,,,,,,,,,,,"'2026-05-11T06:13:28.565261520Z","'from-group-to-game-backend","'us-central1","'from-group-to-game","'from-group-to-game-backend-00001-hk8","'from-group-to-game-backend",cloud_run_revision,,"'google.api_core.exceptions.InvalidArgument: 400 List of found errors:	1.Field: name; Message: Invalid ReasoningEngine resource name.	 [field_violations {","'2026-05-11T06:13:28.236135Z"
,6a01738800039a40a035aefe,,0007b734d976475623b99a47d947180e8f6a5eda1d22b1d29f44b6e24f48d72f46d1331cd7f867b44853f749cd129a92f548732f668e1c2cfa8457f819fea8d63ef796abaa83c1c3fc436a199d00,,"'projects/from-group-to-game/logs/run.googleapis.com%2Fstderr",,,,,,,,,,,,,,,,,,,,,,,,,,,,,,,,,,,,,,,,,,"'2026-05-11T06:13:28.565261520Z","'from-group-to-game-backend","'us-central1","'from-group-to-game","'from-group-to-game-backend-00001-hk8","'from-group-to-game-backend",cloud_run_revision,,"    raise exceptions.from_grpc_error(exc) from exc","'2026-05-11T06:13:28.236096Z"
,6a01738800039a3cc9d8c921,,0007b734d976475623b99a47d947180e8f6a5eda1d22b1d29f44b6e24f48d72f46d1331cd7f867b44853f749cd129a92f548732f668e1c2cfa8457f819fea8d63ef796abaa83c1c3fc436a199d00,,"'projects/from-group-to-game/logs/run.googleapis.com%2Fstderr",,,,,,,,,,,,,,,,,,,,,,,,,,,,,,,,,,,,,,,,,,"'2026-05-11T06:13:28.565261520Z","'from-group-to-game-backend","'us-central1","'from-group-to-game","'from-group-to-game-backend-00001-hk8","'from-group-to-game-backend",cloud_run_revision,,"'  File ""/layers/google.python.uv/uv-dependencies/.venv/lib/python3.14/site-packages/google/api_core/grpc_helpers.py"", line 57, in error_remapped_callable","'2026-05-11T06:13:28.236092Z"
,6a01738800039a3166dceee5,,0007b734d976475623b99a47d947180e8f6a5eda1d22b1d29f44b6e24f48d72f46d1331cd7f867b44853f749cd129a92f548732f668e1c2cfa8457f819fea8d63ef796abaa83c1c3fc436a199d00,,"'projects/from-group-to-game/logs/run.googleapis.com%2Fstderr",,,,,,,,,,,,,,,,,,,,,,,,,,,,,,,,,,,,,,,,,,"'2026-05-11T06:13:28.565261520Z","'from-group-to-game-backend","'us-central1","'from-group-to-game","'from-group-to-game-backend-00001-hk8","'from-group-to-game-backend",cloud_run_revision,,"'    result = target()","'2026-05-11T06:13:28.236081Z"
,6a01738800039a2e67c9bd13,,0007b734d976475623b99a47d947180e8f6a5eda1d22b1d29f44b6e24f48d72f46d1331cd7f867b44853f749cd129a92f548732f668e1c2cfa8457f819fea8d63ef796abaa83c1c3fc436a199d00,,"'projects/from-group-to-game/logs/run.googleapis.com%2Fstderr",,,,,,,,,,,,,,,,,,,,,,,,,,,,,,,,,,,,,,,,,,"'2026-05-11T06:13:28.565261520Z","'from-group-to-game-backend","'us-central1","'from-group-to-game","'from-group-to-game-backend-00001-hk8","'from-group-to-game-backend",cloud_run_revision,,"'  File ""/layers/google.python.uv/uv-dependencies/.venv/lib/python3.14/site-packages/google/api_core/retry/retry_unary.py"", line 147, in retry_target","'2026-05-11T06:13:28.236078Z"
,6a01738800039a2345e4ccd8,,0007b734d976475623b99a47d947180e8f6a5eda1d22b1d29f44b6e24f48d72f46d1331cd7f867b44853f749cd129a92f548732f668e1c2cfa8457f819fea8d63ef796abaa83c1c3fc436a199d00,,"'projects/from-group-to-game/logs/run.googleapis.com%2Fstderr",,,,,,,,,,,,,,,,,,,,,,,,,,,,,,,,,,,,,,,,,,"'2026-05-11T06:13:28.565261520Z","'from-group-to-game-backend","'us-central1","'from-group-to-game","'from-group-to-game-backend-00001-hk8","'from-group-to-game-backend",cloud_run_revision,,"    raise final_exc from source_exc","'2026-05-11T06:13:28.236067Z"
,6a01738800039a205c09cec3,,0007b734d976475623b99a47d947180e8f6a5eda1d22b1d29f44b6e24f48d72f46d1331cd7f867b44853f749cd129a92f548732f668e1c2cfa8457f819fea8d63ef796abaa83c1c3fc436a199d00,,"'projects/from-group-to-game/logs/run.googleapis.com%2Fstderr",,,,,,,,,,,,,,,,,,,,,,,,,,,,,,,,,,,,,,,,,,"'2026-05-11T06:13:28.565261520Z","'from-group-to-game-backend","'us-central1","'from-group-to-game","'from-group-to-game-backend-00001-hk8","'from-group-to-game-backend",cloud_run_revision,,"'  File ""/layers/google.python.uv/uv-dependencies/.venv/lib/python3.14/site-packages/google/api_core/retry/retry_base.py"", line 216, in _retry_error_helper","'2026-05-11T06:13:28.236064Z"
,6a01738800039a1d437ad7b4,,0007b734d976475623b99a47d947180e8f6a5eda1d22b1d29f44b6e24f48d72f46d1331cd7f867b44853f749cd129a92f548732f668e1c2cfa8457f819fea8d63ef796abaa83c1c3fc436a199d00,,"'projects/from-group-to-game/logs/run.googleapis.com%2Fstderr",,,,,,,,,,,,,,,,,,,,,,,,,,,,,,,,,,,,,,,,,,"'2026-05-11T06:13:28.565261520Z","'from-group-to-game-backend","'us-central1","'from-group-to-game","'from-group-to-game-backend-00001-hk8","'from-group-to-game-backend",cloud_run_revision,,"    )","'2026-05-11T06:13:28.236061Z"
,6a01738800039a193801ce70,,0007b734d976475623b99a47d947180e8f6a5eda1d22b1d29f44b6e24f48d72f46d1331cd7f867b44853f749cd129a92f548732f668e1c2cfa8457f819fea8d63ef796abaa83c1c3fc436a199d00,,"'projects/from-group-to-game/logs/run.googleapis.com%2Fstderr",,,,,,,,,,,,,,,,,,,,,,,,,,,,,,,,,,,,,,,,,,"'2026-05-11T06:13:28.565261520Z","'from-group-to-game-backend","'us-central1","'from-group-to-game","'from-group-to-game-backend-00001-hk8","'from-group-to-game-backend",cloud_run_revision,,"'        timeout,","'2026-05-11T06:13:28.236057Z"
,6a01738800039a15c39067e0,,0007b734d976475623b99a47d947180e8f6a5eda1d22b1d29f44b6e24f48d72f46d1331cd7f867b44853f749cd129a92f548732f668e1c2cfa8457f819fea8d63ef796abaa83c1c3fc436a199d00,,"'projects/from-group-to-game/logs/run.googleapis.com%2Fstderr",,,,,,,,,,,,,,,,,,,,,,,,,,,,,,,,,,,,,,,,,,"'2026-05-11T06:13:28.565261520Z","'from-group-to-game-backend","'us-central1","'from-group-to-game","'from-group-to-game-backend-00001-hk8","'from-group-to-game-backend",cloud_run_revision,,"    ...<6 lines>...","'2026-05-11T06:13:28.236053Z"
,6a01738800039a13c949cc9e,,0007b734d976475623b99a47d947180e8f6a5eda1d22b1d29f44b6e24f48d72f46d1331cd7f867b44853f749cd129a92f548732f668e1c2cfa8457f819fea8d63ef796abaa83c1c3fc436a199d00,,"'projects/from-group-to-game/logs/run.googleapis.com%2Fstderr",,,,,,,,,,,,,,,,,,,,,,,,,,,,,,,,,,,,,,,,,,"'2026-05-11T06:13:28.565261520Z","'from-group-to-game-backend","'us-central1","'from-group-to-game","'from-group-to-game-backend-00001-hk8","'from-group-to-game-backend",cloud_run_revision,,"'        exc,","'2026-05-11T06:13:28.236051Z"
,6a01738800039a10d1fda205,,0007b734d976475623b99a47d947180e8f6a5eda1d22b1d29f44b6e24f48d72f46d1331cd7f867b44853f749cd129a92f548732f668e1c2cfa8457f819fea8d63ef796abaa83c1c3fc436a199d00,,"'projects/from-group-to-game/logs/run.googleapis.com%2Fstderr",,,,,,,,,,,,,,,,,,,,,,,,,,,,,,,,,,,,,,,,,,"'2026-05-11T06:13:28.565261520Z","'from-group-to-game-backend","'us-central1","'from-group-to-game","'from-group-to-game-backend-00001-hk8","'from-group-to-game-backend",cloud_run_revision,,"'    next_sleep = _retry_error_helper(","'2026-05-11T06:13:28.236048Z"
,6a01738800039a0db0eb7b98,,0007b734d976475623b99a47d947180e8f6a5eda1d22b1d29f44b6e24f48d72f46d1331cd7f867b44853f749cd129a92f548732f668e1c2cfa8457f819fea8d63ef796abaa83c1c3fc436a199d00,,"'projects/from-group-to-game/logs/run.googleapis.com%2Fstderr",,,,,,,,,,,,,,,,,,,,,,,,,,,,,,,,,,,,,,,,,,"'2026-05-11T06:13:28.565261520Z","'from-group-to-game-backend","'us-central1","'from-group-to-game","'from-group-to-game-backend-00001-hk8","'from-group-to-game-backend",cloud_run_revision,,"'  File ""/layers/google.python.uv/uv-dependencies/.venv/lib/python3.14/site-packages/google/api_core/retry/retry_unary.py"", line 156, in retry_target","'2026-05-11T06:13:28.236045Z"
,6a01738800039a0949ae408b,,0007b734d976475623b99a47d947180e8f6a5eda1d22b1d29f44b6e24f48d72f46d1331cd7f867b44853f749cd129a92f548732f668e1c2cfa8457f819fea8d63ef796abaa83c1c3fc436a199d00,,"'projects/from-group-to-game/logs/run.googleapis.com%2Fstderr",,,,,,,,,,,,,,,,,,,,,,,,,,,,,,,,,,,,,,,,,,"'2026-05-11T06:13:28.565261520Z","'from-group-to-game-backend","'us-central1","'from-group-to-game","'from-group-to-game-backend-00001-hk8","'from-group-to-game-backend",cloud_run_revision,,"    )","'2026-05-11T06:13:28.236041Z"
,6a01738800039a07973836e7,,0007b734d976475623b99a47d947180e8f6a5eda1d22b1d29f44b6e24f48d72f46d1331cd7f867b44853f749cd129a92f548732f668e1c2cfa8457f819fea8d63ef796abaa83c1c3fc436a199d00,,"'projects/from-group-to-game/logs/run.googleapis.com%2Fstderr",,,,,,,,,,,,,,,,,,,,,,,,,,,,,,,,,,,,,,,,,,"'2026-05-11T06:13:28.565261520Z","'from-group-to-game-backend","'us-central1","'from-group-to-game","'from-group-to-game-backend-00001-hk8","'from-group-to-game-backend",cloud_run_revision,,"'        on_error=on_error,","'2026-05-11T06:13:28.236039Z"
,6a01738800039a0427a6b86f,,0007b734d976475623b99a47d947180e8f6a5eda1d22b1d29f44b6e24f48d72f46d1331cd7f867b44853f749cd129a92f548732f668e1c2cfa8457f819fea8d63ef796abaa83c1c3fc436a199d00,,"'projects/from-group-to-game/logs/run.googleapis.com%2Fstderr",,,,,,,,,,,,,,,,,,,,,,,,,,,,,,,,,,,,,,,,,,"'2026-05-11T06:13:28.565261520Z","'from-group-to-game-backend","'us-central1","'from-group-to-game","'from-group-to-game-backend-00001-hk8","'from-group-to-game-backend",cloud_run_revision,,"    ...<3 lines>...","'2026-05-11T06:13:28.236036Z"
,6a01738800039a01016a1183,,0007b734d976475623b99a47d947180e8f6a5eda1d22b1d29f44b6e24f48d72f46d1331cd7f867b44853f749cd129a92f548732f668e1c2cfa8457f819fea8d63ef796abaa83c1c3fc436a199d00,,"'projects/from-group-to-game/logs/run.googleapis.com%2Fstderr",,,,,,,,,,,,,,,,,,,,,,,,,,,,,,,,,,,,,,,,,,"'2026-05-11T06:13:28.565261520Z","'from-group-to-game-backend","'us-central1","'from-group-to-game","'from-group-to-game-backend-00001-hk8","'from-group-to-game-backend",cloud_run_revision,,"'        target,","'2026-05-11T06:13:28.236033Z"
,6a017388000399fecf4d438a,,0007b734d976475623b99a47d947180e8f6a5eda1d22b1d29f44b6e24f48d72f46d1331cd7f867b44853f749cd129a92f548732f668e1c2cfa8457f819fea8d63ef796abaa83c1c3fc436a199d00,,"'projects/from-group-to-game/logs/run.googleapis.com%2Fstderr",,,,,,,,,,,,,,,,,,,,,,,,,,,,,,,,,,,,,,,,,,"'2026-05-11T06:13:28.565261520Z","'from-group-to-game-backend","'us-central1","'from-group-to-game","'from-group-to-game-backend-00001-hk8","'from-group-to-game-backend",cloud_run_revision,,"    return retry_target(","'2026-05-11T06:13:28.236030Z"
,6a017388000399fbdb8f380c,,0007b734d976475623b99a47d947180e8f6a5eda1d22b1d29f44b6e24f48d72f46d1331cd7f867b44853f749cd129a92f548732f668e1c2cfa8457f819fea8d63ef796abaa83c1c3fc436a199d00,,"'projects/from-group-to-game/logs/run.googleapis.com%2Fstderr",,,,,,,,,,,,,,,,,,,,,,,,,,,,,,,,,,,,,,,,,,"'2026-05-11T06:13:28.565261520Z","'from-group-to-game-backend","'us-central1","'from-group-to-game","'from-group-to-game-backend-00001-hk8","'from-group-to-game-backend",cloud_run_revision,,"'  File ""/layers/google.python.uv/uv-dependencies/.venv/lib/python3.14/site-packages/google/api_core/retry/retry_unary.py"", line 294, in retry_wrapped_func","'2026-05-11T06:13:28.236027Z"
,6a017388000399f81d4dfeef,,0007b734d976475623b99a47d947180e8f6a5eda1d22b1d29f44b6e24f48d72f46d1331cd7f867b44853f749cd129a92f548732f668e1c2cfa8457f819fea8d63ef796abaa83c1c3fc436a199d00,,"'projects/from-group-to-game/logs/run.googleapis.com%2Fstderr",,,,,,,,,,,,,,,,,,,,,,,,,,,,,,,,,,,,,,,,,,"'2026-05-11T06:13:28.565261520Z","'from-group-to-game-backend","'us-central1","'from-group-to-game","'from-group-to-game-backend-00001-hk8","'from-group-to-game-backend",cloud_run_revision,,"'    return wrapped_func(*args, **kwargs)","'2026-05-11T06:13:28.236024Z"
,6a017388000399f42005ce03,,0007b734d976475623b99a47d947180e8f6a5eda1d22b1d29f44b6e24f48d72f46d1331cd7f867b44853f749cd129a92f548732f668e1c2cfa8457f819fea8d63ef796abaa83c1c3fc436a199d00,,"'projects/from-group-to-game/logs/run.googleapis.com%2Fstderr",,,,,,,,,,,,,,,,,,,,,,,,,,,,,,,,,,,,,,,,,,"'2026-05-11T06:13:28.565261520Z","'from-group-to-game-backend","'us-central1","'from-group-to-game","'from-group-to-game-backend-00001-hk8","'from-group-to-game-backend",cloud_run_revision,,"'  File ""/layers/google.python.uv/uv-dependencies/.venv/lib/python3.14/site-packages/google/api_core/gapic_v1/method.py"", line 128, in __call__","'2026-05-11T06:13:28.236020Z"
,6a017388000399eff9b7d777,,0007b734d976475623b99a47d947180e8f6a5eda1d22b1d29f44b6e24f48d72f46d1331cd7f867b44853f749cd129a92f548732f668e1c2cfa8457f819fea8d63ef796abaa83c1c3fc436a199d00,,"'projects/from-group-to-game/logs/run.googleapis.com%2Fstderr",,,,,,,,,,,,,,,,,,,,,,,,,,,,,,,,,,,,,,,,,,"'2026-05-11T06:13:28.565261520Z","'from-group-to-game-backend","'us-central1","'from-group-to-game","'from-group-to-game-backend-00001-hk8","'from-group-to-game-backend",cloud_run_revision,,"    )","'2026-05-11T06:13:28.236015Z"
,6a017388000399ed2a26fad5,,0007b734d976475623b99a47d947180e8f6a5eda1d22b1d29f44b6e24f48d72f46d1331cd7f867b44853f749cd129a92f548732f668e1c2cfa8457f819fea8d63ef796abaa83c1c3fc436a199d00,,"'projects/from-group-to-game/logs/run.googleapis.com%2Fstderr",,,,,,,,,,,,,,,,,,,,,,,,,,,,,,,,,,,,,,,,,,"'2026-05-11T06:13:28.565261520Z","'from-group-to-game-backend","'us-central1","'from-group-to-game","'from-group-to-game-backend-00001-hk8","'from-group-to-game-backend",cloud_run_revision,,"'        metadata=metadata,","'2026-05-11T06:13:28.236013Z"
,6a017388000399eaee1fa3a0,,0007b734d976475623b99a47d947180e8f6a5eda1d22b1d29f44b6e24f48d72f46d1331cd7f867b44853f749cd129a92f548732f668e1c2cfa8457f819fea8d63ef796abaa83c1c3fc436a199d00,,"'projects/from-group-to-game/logs/run.googleapis.com%2Fstderr",,,,,,,,,,,,,,,,,,,,,,,,,,,,,,,,,,,,,,,,,,"'2026-05-11T06:13:28.565261520Z","'from-group-to-game-backend","'us-central1","'from-group-to-game","'from-group-to-game-backend-00001-hk8","'from-group-to-game-backend",cloud_run_revision,,"    ...<2 lines>...","'2026-05-11T06:13:28.236010Z"
,6a017388000399e7120cab66,,0007b734d976475623b99a47d947180e8f6a5eda1d22b1d29f44b6e24f48d72f46d1331cd7f867b44853f749cd129a92f548732f668e1c2cfa8457f819fea8d63ef796abaa83c1c3fc436a199d00,,"'projects/from-group-to-game/logs/run.googleapis.com%2Fstderr",,,,,,,,,,,,,,,,,,,,,,,,,,,,,,,,,,,,,,,,,,"'2026-05-11T06:13:28.565261520Z","'from-group-to-game-backend","'us-central1","'from-group-to-game","'from-group-to-game-backend-00001-hk8","'from-group-to-game-backend",cloud_run_revision,,"'        request,","'2026-05-11T06:13:28.236007Z"
,6a017388000399e3e47c6717,,0007b734d976475623b99a47d947180e8f6a5eda1d22b1d29f44b6e24f48d72f46d1331cd7f867b44853f749cd129a92f548732f668e1c2cfa8457f819fea8d63ef796abaa83c1c3fc436a199d00,,"'projects/from-group-to-game/logs/run.googleapis.com%2Fstderr",,,,,,,,,,,,,,,,,,,,,,,,,,,,,,,,,,,,,,,,,,"'2026-05-11T06:13:28.565261520Z","'from-group-to-game-backend","'us-central1","'from-group-to-game","'from-group-to-game-backend-00001-hk8","'from-group-to-game-backend",cloud_run_revision,,"'    response = rpc(","'2026-05-11T06:13:28.236003Z"
,6a017388000399e085b2c529,,0007b734d976475623b99a47d947180e8f6a5eda1d22b1d29f44b6e24f48d72f46d1331cd7f867b44853f749cd129a92f548732f668e1c2cfa8457f819fea8d63ef796abaa83c1c3fc436a199d00,,"'projects/from-group-to-game/logs/run.googleapis.com%2Fstderr",,,,,,,,,,,,,,,,,,,,,,,,,,,,,,,,,,,,,,,,,,"'2026-05-11T06:13:28.565261520Z","'from-group-to-game-backend","'us-central1","'from-group-to-game","'from-group-to-game-backend-00001-hk8","'from-group-to-game-backend",cloud_run_revision,,"'  File ""/layers/google.python.uv/uv-dependencies/.venv/lib/python3.14/site-packages/google/cloud/aiplatform_v1/services/reasoning_engine_service/client.py"", line 1081, in get_reasoning_engine","'2026-05-11T06:13:28.236Z"
,6a017388000399dd0e376d5d,,0007b734d976475623b99a47d947180e8f6a5eda1d22b1d29f44b6e24f48d72f46d1331cd7f867b44853f749cd129a92f548732f668e1c2cfa8457f819fea8d63ef796abaa83c1c3fc436a199d00,,"'projects/from-group-to-game/logs/run.googleapis.com%2Fstderr",,,,,,,,,,,,,,,,,,,,,,,,,,,,,,,,,,,,,,,,,,"'2026-05-11T06:13:28.565261520Z","'from-group-to-game-backend","'us-central1","'from-group-to-game","'from-group-to-game-backend-00001-hk8","'from-group-to-game-backend",cloud_run_revision,,"    ^","'2026-05-11T06:13:28.235997Z"
,6a017388000399dacdf3ebc6,,0007b734d976475623b99a47d947180e8f6a5eda1d22b1d29f44b6e24f48d72f46d1331cd7f867b44853f749cd129a92f548732f668e1c2cfa8457f819fea8d63ef796abaa83c1c3fc436a199d00,,"'projects/from-group-to-game/logs/run.googleapis.com%2Fstderr",,,,,,,,,,,,,,,,,,,,,,,,,,,,,,,,,,,,,,,,,,"'2026-05-11T06:13:28.565261520Z","'from-group-to-game-backend","'us-central1","'from-group-to-game","'from-group-to-game-backend-00001-hk8","'from-group-to-game-backend",cloud_run_revision,,"    )","'2026-05-11T06:13:28.235994Z"
,6a017388000399d7573cd2d0,,0007b734d976475623b99a47d947180e8f6a5eda1d22b1d29f44b6e24f48d72f46d1331cd7f867b44853f749cd129a92f548732f668e1c2cfa8457f819fea8d63ef796abaa83c1c3fc436a199d00,,"'projects/from-group-to-game/logs/run.googleapis.com%2Fstderr",,,,,,,,,,,,,,,,,,,,,,,,,,,,,,,,,,,,,,,,,,"'2026-05-11T06:13:28.565261520Z","'from-group-to-game-backend","'us-central1","'from-group-to-game","'from-group-to-game-backend-00001-hk8","'from-group-to-game-backend",cloud_run_revision,,"        ^^^^^^^^^^^^^^^^^^^^^^^^^^^^^^^^^^^^^^^^","'2026-05-11T06:13:28.235991Z"
,6a017388000399d2589d85d1,,0007b734d976475623b99a47d947180e8f6a5eda1d22b1d29f44b6e24f48d72f46d1331cd7f867b44853f749cd129a92f548732f668e1c2cfa8457f819fea8d63ef796abaa83c1c3fc436a199d00,,"'projects/from-group-to-game/logs/run.googleapis.com%2Fstderr",,,,,,,,,,,,,,,,,,,,,,,,,,,,,,,,,,,,,,,,,,"'2026-05-11T06:13:28.565261520Z","'from-group-to-game-backend","'us-central1","'from-group-to-game","'from-group-to-game-backend-00001-hk8","'from-group-to-game-backend",cloud_run_revision,,"'        name=resource_name, retry=_DEFAULT_RETRY","'2026-05-11T06:13:28.235986Z"
,6a017388000399ce4ad00069,,0007b734d976475623b99a47d947180e8f6a5eda1d22b1d29f44b6e24f48d72f46d1331cd7f867b44853f749cd129a92f548732f668e1c2cfa8457f819fea8d63ef796abaa83c1c3fc436a199d00,,"'projects/from-group-to-game/logs/run.googleapis.com%2Fstderr",,,,,,,,,,,,,,,,,,,,,,,,,,,,,,,,,,,,,,,,,,"'2026-05-11T06:13:28.565261520Z","'from-group-to-game-backend","'us-central1","'from-group-to-game","'from-group-to-game-backend-00001-hk8","'from-group-to-game-backend",cloud_run_revision,,"           ~~~~~~~~~~~~~~~~~~~~~~~~~~~~~~~~~~~~~~~~~~~~~^","'2026-05-11T06:13:28.235982Z"
,6a017388000399cb1d84dd88,,0007b734d976475623b99a47d947180e8f6a5eda1d22b1d29f44b6e24f48d72f46d1331cd7f867b44853f749cd129a92f548732f668e1c2cfa8457f819fea8d63ef796abaa83c1c3fc436a199d00,,"'projects/from-group-to-game/logs/run.googleapis.com%2Fstderr",,,,,,,,,,,,,,,,,,,,,,,,,,,,,,,,,,,,,,,,,,"'2026-05-11T06:13:28.565261520Z","'from-group-to-game-backend","'us-central1","'from-group-to-game","'from-group-to-game-backend-00001-hk8","'from-group-to-game-backend",cloud_run_revision,,"'    return getattr(self.api_client, self._getter_method)(","'2026-05-11T06:13:28.235979Z"
,6a017388000399c823e78725,,0007b734d976475623b99a47d947180e8f6a5eda1d22b1d29f44b6e24f48d72f46d1331cd7f867b44853f749cd129a92f548732f668e1c2cfa8457f819fea8d63ef796abaa83c1c3fc436a199d00,,"'projects/from-group-to-game/logs/run.googleapis.com%2Fstderr",,,,,,,,,,,,,,,,,,,,,,,,,,,,,,,,,,,,,,,,,,"'2026-05-11T06:13:28.565261520Z","'from-group-to-game-backend","'us-central1","'from-group-to-game","'from-group-to-game-backend-00001-hk8","'from-group-to-game-backend",cloud_run_revision,,"'  File ""/layers/google.python.uv/uv-dependencies/.venv/lib/python3.14/site-packages/google/cloud/aiplatform/base.py"", line 691, in _get_gca_resource","'2026-05-11T06:13:28.235976Z"
,6a017388000399c51b1ea507,,0007b734d976475623b99a47d947180e8f6a5eda1d22b1d29f44b6e24f48d72f46d1331cd7f867b44853f749cd129a92f548732f668e1c2cfa8457f819fea8d63ef796abaa83c1c3fc436a199d00,,"'projects/from-group-to-game/logs/run.googleapis.com%2Fstderr",,,,,,,,,,,,,,,,,,,,,,,,,,,,,,,,,,,,,,,,,,"'2026-05-11T06:13:28.565261520Z","'from-group-to-game-backend","'us-central1","'from-group-to-game","'from-group-to-game-backend-00001-hk8","'from-group-to-game-backend",cloud_run_revision,,"                         ~~~~~~~~~~~~~~~~~~~~~~^^^^^^^^^^^^^^^^^^^^^^^^^^^^^","'2026-05-11T06:13:28.235973Z"
,6a017388000399c1eb6096f7,,0007b734d976475623b99a47d947180e8f6a5eda1d22b1d29f44b6e24f48d72f46d1331cd7f867b44853f749cd129a92f548732f668e1c2cfa8457f819fea8d63ef796abaa83c1c3fc436a199d00,,"'projects/from-group-to-game/logs/run.googleapis.com%2Fstderr",,,,,,,,,,,,,,,,,,,,,,,,,,,,,,,,,,,,,,,,,,"'2026-05-11T06:13:28.565261520Z","'from-group-to-game-backend","'us-central1","'from-group-to-game","'from-group-to-game-backend-00001-hk8","'from-group-to-game-backend",cloud_run_revision,,"'    self._gca_resource = self._get_gca_resource(resource_name=resource_name)","'2026-05-11T06:13:28.235969Z"
,6a017388000399be8cef3980,,0007b734d976475623b99a47d947180e8f6a5eda1d22b1d29f44b6e24f48d72f46d1331cd7f867b44853f749cd129a92f548732f668e1c2cfa8457f819fea8d63ef796abaa83c1c3fc436a199d00,,"'projects/from-group-to-game/logs/run.googleapis.com%2Fstderr",,,,,,,,,,,,,,,,,,,,,,,,,,,,,,,,,,,,,,,,,,"'2026-05-11T06:13:28.565261520Z","'from-group-to-game-backend","'us-central1","'from-group-to-game","'from-group-to-game-backend-00001-hk8","'from-group-to-game-backend",cloud_run_revision,,"'  File ""/layers/google.python.uv/uv-dependencies/.venv/lib/python3.14/site-packages/vertexai/agent_engines/_agent_engines.py"", line 362, in __init__","'2026-05-11T06:13:28.235966Z"
,6a017388000399aee2d849d6,,0007b734d976475623b99a47d947180e8f6a5eda1d22b1d29f44b6e24f48d72f46d1331cd7f867b44853f749cd129a92f548732f668e1c2cfa8457f819fea8d63ef796abaa83c1c3fc436a199d00,,"'projects/from-group-to-game/logs/run.googleapis.com%2Fstderr",,,,,,,,,,,,,,,,,,,,,,,,,,,,,,,,,,,,,,,,,,"'2026-05-11T06:13:28.565261520Z","'from-group-to-game-backend","'us-central1","'from-group-to-game","'from-group-to-game-backend-00001-hk8","'from-group-to-game-backend",cloud_run_revision,,"    return AgentEngine(resource_name)","'2026-05-11T06:13:28.235950Z"
,6a017388000399ab11824083,,0007b734d976475623b99a47d947180e8f6a5eda1d22b1d29f44b6e24f48d72f46d1331cd7f867b44853f749cd129a92f548732f668e1c2cfa8457f819fea8d63ef796abaa83c1c3fc436a199d00,,"'projects/from-group-to-game/logs/run.googleapis.com%2Fstderr",,,,,,,,,,,,,,,,,,,,,,,,,,,,,,,,,,,,,,,,,,"'2026-05-11T06:13:28.565261520Z","'from-group-to-game-backend","'us-central1","'from-group-to-game","'from-group-to-game-backend-00001-hk8","'from-group-to-game-backend",cloud_run_revision,,"'  File ""/layers/google.python.uv/uv-dependencies/.venv/lib/python3.14/site-packages/vertexai/agent_engines/__init__.py"", line 63, in get","'2026-05-11T06:13:28.235947Z"
,6a017388000399a620b017e5,,0007b734d976475623b99a47d947180e8f6a5eda1d22b1d29f44b6e24f48d72f46d1331cd7f867b44853f749cd129a92f548732f668e1c2cfa8457f819fea8d63ef796abaa83c1c3fc436a199d00,,"'projects/from-group-to-game/logs/run.googleapis.com%2Fstderr",,,,,,,,,,,,,,,,,,,,,,,,,,,,,,,,,,,,,,,,,,"'2026-05-11T06:13:28.565261520Z","'from-group-to-game-backend","'us-central1","'from-group-to-game","'from-group-to-game-backend-00001-hk8","'from-group-to-game-backend",cloud_run_revision,,"    )","'2026-05-11T06:13:28.235942Z"
,6a017388000399a45d807481,,0007b734d976475623b99a47d947180e8f6a5eda1d22b1d29f44b6e24f48d72f46d1331cd7f867b44853f749cd129a92f548732f668e1c2cfa8457f819fea8d63ef796abaa83c1c3fc436a199d00,,"'projects/from-group-to-game/logs/run.googleapis.com%2Fstderr",,,,,,,,,,,,,,,,,,,,,,,,,,,,,,,,,,,,,,,,,,"'2026-05-11T06:13:28.565261520Z","'from-group-to-game-backend","'us-central1","'from-group-to-game","'from-group-to-game-backend-00001-hk8","'from-group-to-game-backend",cloud_run_revision,,"'        f""/reasoningEngines/{_AGENT_ENGINE_ID}""","'2026-05-11T06:13:28.235940Z"
,6a017388000399a010b0a679,,0007b734d976475623b99a47d947180e8f6a5eda1d22b1d29f44b6e24f48d72f46d1331cd7f867b44853f749cd129a92f548732f668e1c2cfa8457f819fea8d63ef796abaa83c1c3fc436a199d00,,"'projects/from-group-to-game/logs/run.googleapis.com%2Fstderr",,,,,,,,,,,,,,,,,,,,,,,,,,,,,,,,,,,,,,,,,,"'2026-05-11T06:13:28.565261520Z","'from-group-to-game-backend","'us-central1","'from-group-to-game","'from-group-to-game-backend-00001-hk8","'from-group-to-game-backend",cloud_run_revision,,"'        f""projects/{_PROJECT_ID}/locations/{_LOCATION}""","'2026-05-11T06:13:28.235936Z"
,6a0173880003999de7f69724,,0007b734d976475623b99a47d947180e8f6a5eda1d22b1d29f44b6e24f48d72f46d1331cd7f867b44853f749cd129a92f548732f668e1c2cfa8457f819fea8d63ef796abaa83c1c3fc436a199d00,,"'projects/from-group-to-game/logs/run.googleapis.com%2Fstderr",,,,,,,,,,,,,,,,,,,,,,,,,,,,,,,,,,,,,,,,,,"'2026-05-11T06:13:28.565261520Z","'from-group-to-game-backend","'us-central1","'from-group-to-game","'from-group-to-game-backend-00001-hk8","'from-group-to-game-backend",cloud_run_revision,,"'    _engine = agent_engines.get(","'2026-05-11T06:13:28.235933Z"
,6a0173880003999aa410a007,,0007b734d976475623b99a47d947180e8f6a5eda1d22b1d29f44b6e24f48d72f46d1331cd7f867b44853f749cd129a92f548732f668e1c2cfa8457f819fea8d63ef796abaa83c1c3fc436a199d00,,"'projects/from-group-to-game/logs/run.googleapis.com%2Fstderr",,,,,,,,,,,,,,,,,,,,,,,,,,,,,,,,,,,,,,,,,,"'2026-05-11T06:13:28.565261520Z","'from-group-to-game-backend","'us-central1","'from-group-to-game","'from-group-to-game-backend-00001-hk8","'from-group-to-game-backend",cloud_run_revision,,"'  File ""/workspace/main.py"", line 34, in <module>","'2026-05-11T06:13:28.235930Z"
,6a0173880003998e765d98b2,,0007b734d976475623b99a47d947180e8f6a5eda1d22b1d29f44b6e24f48d72f46d1331cd7f867b44853f749cd129a92f548732f668e1c2cfa8457f819fea8d63ef796abaa83c1c3fc436a199d00,,"'projects/from-group-to-game/logs/run.googleapis.com%2Fstderr",,,,,,,,,,,,,,,,,,,,,,,,,,,,,,,,,,,,,,,,,,"'2026-05-11T06:13:28.565261520Z","'from-group-to-game-backend","'us-central1","'from-group-to-game","'from-group-to-game-backend-00001-hk8","'from-group-to-game-backend",cloud_run_revision,,"'  File ""<frozen importlib._bootstrap>"", line 491, in _call_with_frames_removed","'2026-05-11T06:13:28.235918Z"
,6a0173880003997fe91077d4,,0007b734d976475623b99a47d947180e8f6a5eda1d22b1d29f44b6e24f48d72f46d1331cd7f867b44853f749cd129a92f548732f668e1c2cfa8457f819fea8d63ef796abaa83c1c3fc436a199d00,,"'projects/from-group-to-game/logs/run.googleapis.com%2Fstderr",,,,,,,,,,,,,,,,,,,,,,,,,,,,,,,,,,,,,,,,,,"'2026-05-11T06:13:28.565261520Z","'from-group-to-game-backend","'us-central1","'from-group-to-game","'from-group-to-game-backend-00001-hk8","'from-group-to-game-backend",cloud_run_revision,,"'  File ""<frozen importlib._bootstrap_external>"", line 759, in exec_module","'2026-05-11T06:13:28.235903Z"
,6a017388000399737dae65d0,,0007b734d976475623b99a47d947180e8f6a5eda1d22b1d29f44b6e24f48d72f46d1331cd7f867b44853f749cd129a92f548732f668e1c2cfa8457f819fea8d63ef796abaa83c1c3fc436a199d00,,"'projects/from-group-to-game/logs/run.googleapis.com%2Fstderr",,,,,,,,,,,,,,,,,,,,,,,,,,,,,,,,,,,,,,,,,,"'2026-05-11T06:13:28.565261520Z","'from-group-to-game-backend","'us-central1","'from-group-to-game","'from-group-to-game-backend-00001-hk8","'from-group-to-game-backend",cloud_run_revision,,"'  File ""<frozen importlib._bootstrap>"", line 938, in _load_unlocked","'2026-05-11T06:13:28.235891Z"
,6a017388000399672de74bc9,,0007b734d976475623b99a47d947180e8f6a5eda1d22b1d29f44b6e24f48d72f46d1331cd7f867b44853f749cd129a92f548732f668e1c2cfa8457f819fea8d63ef796abaa83c1c3fc436a199d00,,"'projects/from-group-to-game/logs/run.googleapis.com%2Fstderr",,,,,,,,,,,,,,,,,,,,,,,,,,,,,,,,,,,,,,,,,,"'2026-05-11T06:13:28.565261520Z","'from-group-to-game-backend","'us-central1","'from-group-to-game","'from-group-to-game-backend-00001-hk8","'from-group-to-game-backend",cloud_run_revision,,"'  File ""<frozen importlib._bootstrap>"", line 1342, in _find_and_load_unlocked","'2026-05-11T06:13:28.235879Z"
,6a01738800039959c57271fd,,0007b734d976475623b99a47d947180e8f6a5eda1d22b1d29f44b6e24f48d72f46d1331cd7f867b44853f749cd129a92f548732f668e1c2cfa8457f819fea8d63ef796abaa83c1c3fc436a199d00,,"'projects/from-group-to-game/logs/run.googleapis.com%2Fstderr",,,,,,,,,,,,,,,,,,,,,,,,,,,,,,,,,,,,,,,,,,"'2026-05-11T06:13:28.565261520Z","'from-group-to-game-backend","'us-central1","'from-group-to-game","'from-group-to-game-backend-00001-hk8","'from-group-to-game-backend",cloud_run_revision,,"'  File ""<frozen importlib._bootstrap>"", line 1371, in _find_and_load","'2026-05-11T06:13:28.235865Z"
,6a0173880003994b6257d916,,0007b734d976475623b99a47d947180e8f6a5eda1d22b1d29f44b6e24f48d72f46d1331cd7f867b44853f749cd129a92f548732f668e1c2cfa8457f819fea8d63ef796abaa83c1c3fc436a199d00,,"'projects/from-group-to-game/logs/run.googleapis.com%2Fstderr",,,,,,,,,,,,,,,,,,,,,,,,,,,,,,,,,,,,,,,,,,"'2026-05-11T06:13:28.565261520Z","'from-group-to-game-backend","'us-central1","'from-group-to-game","'from-group-to-game-backend-00001-hk8","'from-group-to-game-backend",cloud_run_revision,,"'  File ""<frozen importlib._bootstrap>"", line 1406, in _gcd_import","'2026-05-11T06:13:28.235851Z"
,6a017388000399474379d9a7,,0007b734d976475623b99a47d947180e8f6a5eda1d22b1d29f44b6e24f48d72f46d1331cd7f867b44853f749cd129a92f548732f668e1c2cfa8457f819fea8d63ef796abaa83c1c3fc436a199d00,,"'projects/from-group-to-game/logs/run.googleapis.com%2Fstderr",,,,,,,,,,,,,,,,,,,,,,,,,,,,,,,,,,,,,,,,,,"'2026-05-11T06:13:28.565261520Z","'from-group-to-game-backend","'us-central1","'from-group-to-game","'from-group-to-game-backend-00001-hk8","'from-group-to-game-backend",cloud_run_revision,,"           ~~~~~~~~~~~~~~~~~~~~~~^^^^^^^^^^^^^^^^^^^^^^^^^^^^^^","'2026-05-11T06:13:28.235847Z"
,6a0173880003994459d8e004,,0007b734d976475623b99a47d947180e8f6a5eda1d22b1d29f44b6e24f48d72f46d1331cd7f867b44853f749cd129a92f548732f668e1c2cfa8457f819fea8d63ef796abaa83c1c3fc436a199d00,,"'projects/from-group-to-game/logs/run.googleapis.com%2Fstderr",,,,,,,,,,,,,,,,,,,,,,,,,,,,,,,,,,,,,,,,,,"'2026-05-11T06:13:28.565261520Z","'from-group-to-game-backend","'us-central1","'from-group-to-game","'from-group-to-game-backend-00001-hk8","'from-group-to-game-backend",cloud_run_revision,,"'    return _bootstrap._gcd_import(name[level:], package, level)","'2026-05-11T06:13:28.235844Z"
,6a01738800039942f1f567cc,,0007b734d976475623b99a47d947180e8f6a5eda1d22b1d29f44b6e24f48d72f46d1331cd7f867b44853f749cd129a92f548732f668e1c2cfa8457f819fea8d63ef796abaa83c1c3fc436a199d00,,"'projects/from-group-to-game/logs/run.googleapis.com%2Fstderr",,,,,,,,,,,,,,,,,,,,,,,,,,,,,,,,,,,,,,,,,,"'2026-05-11T06:13:28.565261520Z","'from-group-to-game-backend","'us-central1","'from-group-to-game","'from-group-to-game-backend-00001-hk8","'from-group-to-game-backend",cloud_run_revision,,"'  File ""/layers/google.python.runtime/python/lib/python3.14/importlib/__init__.py"", line 88, in import_module","'2026-05-11T06:13:28.235842Z"
,6a017388000399344b485dfc,,0007b734d976475623b99a47d947180e8f6a5eda1d22b1d29f44b6e24f48d72f46d1331cd7f867b44853f749cd129a92f548732f668e1c2cfa8457f819fea8d63ef796abaa83c1c3fc436a199d00,,"'projects/from-group-to-game/logs/run.googleapis.com%2Fstderr",,,,,,,,,,,,,,,,,,,,,,,,,,,,,,,,,,,,,,,,,,"'2026-05-11T06:13:28.565261520Z","'from-group-to-game-backend","'us-central1","'from-group-to-game","'from-group-to-game-backend-00001-hk8","'from-group-to-game-backend",cloud_run_revision,,"'    module = importlib.import_module(module_str)","'2026-05-11T06:13:28.235828Z"
,6a0173880003993124c0409d,,0007b734d976475623b99a47d947180e8f6a5eda1d22b1d29f44b6e24f48d72f46d1331cd7f867b44853f749cd129a92f548732f668e1c2cfa8457f819fea8d63ef796abaa83c1c3fc436a199d00,,"'projects/from-group-to-game/logs/run.googleapis.com%2Fstderr",,,,,,,,,,,,,,,,,,,,,,,,,,,,,,,,,,,,,,,,,,"'2026-05-11T06:13:28.565261520Z","'from-group-to-game-backend","'us-central1","'from-group-to-game","'from-group-to-game-backend-00001-hk8","'from-group-to-game-backend",cloud_run_revision,,"'  File ""/layers/google.python.uv/uv-dependencies/.venv/lib/python3.14/site-packages/uvicorn/importer.py"", line 19, in import_from_string","'2026-05-11T06:13:28.235825Z"
,6a01738800039925d735fadb,,0007b734d976475623b99a47d947180e8f6a5eda1d22b1d29f44b6e24f48d72f46d1331cd7f867b44853f749cd129a92f548732f668e1c2cfa8457f819fea8d63ef796abaa83c1c3fc436a199d00,,"'projects/from-group-to-game/logs/run.googleapis.com%2Fstderr",,,,,,,,,,,,,,,,,,,,,,,,,,,,,,,,,,,,,,,,,,"'2026-05-11T06:13:28.565261520Z","'from-group-to-game-backend","'us-central1","'from-group-to-game","'from-group-to-game-backend-00001-hk8","'from-group-to-game-backend",cloud_run_revision,,"                      ~~~~~~~~~~~~~~~~~~^^^^^^^^^^","'2026-05-11T06:13:28.235813Z"
,6a017388000399224ebe064d,,0007b734d976475623b99a47d947180e8f6a5eda1d22b1d29f44b6e24f48d72f46d1331cd7f867b44853f749cd129a92f548732f668e1c2cfa8457f819fea8d63ef796abaa83c1c3fc436a199d00,,"'projects/from-group-to-game/logs/run.googleapis.com%2Fstderr",,,,,,,,,,,,,,,,,,,,,,,,,,,,,,,,,,,,,,,,,,"'2026-05-11T06:13:28.565261520Z","'from-group-to-game-backend","'us-central1","'from-group-to-game","'from-group-to-game-backend-00001-hk8","'from-group-to-game-backend",cloud_run_revision,,"'    self.loaded_app = import_from_string(self.app)","'2026-05-11T06:13:28.235810Z"
,6a0173880003991f031dc7aa,,0007b734d976475623b99a47d947180e8f6a5eda1d22b1d29f44b6e24f48d72f46d1331cd7f867b44853f749cd129a92f548732f668e1c2cfa8457f819fea8d63ef796abaa83c1c3fc436a199d00,,"'projects/from-group-to-game/logs/run.googleapis.com%2Fstderr",,,,,,,,,,,,,,,,,,,,,,,,,,,,,,,,,,,,,,,,,,"'2026-05-11T06:13:28.565261520Z","'from-group-to-game-backend","'us-central1","'from-group-to-game","'from-group-to-game-backend-00001-hk8","'from-group-to-game-backend",cloud_run_revision,,"'  File ""/layers/google.python.uv/uv-dependencies/.venv/lib/python3.14/site-packages/uvicorn/config.py"", line 441, in load","'2026-05-11T06:13:28.235807Z"
,6a0173880003991c34029f57,,0007b734d976475623b99a47d947180e8f6a5eda1d22b1d29f44b6e24f48d72f46d1331cd7f867b44853f749cd129a92f548732f668e1c2cfa8457f819fea8d63ef796abaa83c1c3fc436a199d00,,"'projects/from-group-to-game/logs/run.googleapis.com%2Fstderr",,,,,,,,,,,,,,,,,,,,,,,,,,,,,,,,,,,,,,,,,,"'2026-05-11T06:13:28.565261520Z","'from-group-to-game-backend","'us-central1","'from-group-to-game","'from-group-to-game-backend-00001-hk8","'from-group-to-game-backend",cloud_run_revision,,"    ~~~~~~~~~~~^^","'2026-05-11T06:13:28.235804Z"
,6a0173880003991995d1e671,,0007b734d976475623b99a47d947180e8f6a5eda1d22b1d29f44b6e24f48d72f46d1331cd7f867b44853f749cd129a92f548732f668e1c2cfa8457f819fea8d63ef796abaa83c1c3fc436a199d00,,"'projects/from-group-to-game/logs/run.googleapis.com%2Fstderr",,,,,,,,,,,,,,,,,,,,,,,,,,,,,,,,,,,,,,,,,,"'2026-05-11T06:13:28.565261520Z","'from-group-to-game-backend","'us-central1","'from-group-to-game","'from-group-to-game-backend-00001-hk8","'from-group-to-game-backend",cloud_run_revision,,"    config.load()","'2026-05-11T06:13:28.235801Z"
,6a017388000399151997034e,,0007b734d976475623b99a47d947180e8f6a5eda1d22b1d29f44b6e24f48d72f46d1331cd7f867b44853f749cd129a92f548732f668e1c2cfa8457f819fea8d63ef796abaa83c1c3fc436a199d00,,"'projects/from-group-to-game/logs/run.googleapis.com%2Fstderr",,,,,,,,,,,,,,,,,,,,,,,,,,,,,,,,,,,,,,,,,,"'2026-05-11T06:13:28.565261520Z","'from-group-to-game-backend","'us-central1","'from-group-to-game","'from-group-to-game-backend-00001-hk8","'from-group-to-game-backend",cloud_run_revision,,"'  File ""/layers/google.python.uv/uv-dependencies/.venv/lib/python3.14/site-packages/uvicorn/server.py"", line 86, in _serve","'2026-05-11T06:13:28.235797Z"
,6a017388000399126006aac7,,0007b734d976475623b99a47d947180e8f6a5eda1d22b1d29f44b6e24f48d72f46d1331cd7f867b44853f749cd129a92f548732f668e1c2cfa8457f819fea8d63ef796abaa83c1c3fc436a199d00,,"'projects/from-group-to-game/logs/run.googleapis.com%2Fstderr",,,,,,,,,,,,,,,,,,,,,,,,,,,,,,,,,,,,,,,,,,"'2026-05-11T06:13:28.565261520Z","'from-group-to-game-backend","'us-central1","'from-group-to-game","'from-group-to-game-backend-00001-hk8","'from-group-to-game-backend",cloud_run_revision,,"    await self._serve(sockets)","'2026-05-11T06:13:28.235794Z"
,6a01738800039910e6f6cee2,,0007b734d976475623b99a47d947180e8f6a5eda1d22b1d29f44b6e24f48d72f46d1331cd7f867b44853f749cd129a92f548732f668e1c2cfa8457f819fea8d63ef796abaa83c1c3fc436a199d00,,"'projects/from-group-to-game/logs/run.googleapis.com%2Fstderr",,,,,,,,,,,,,,,,,,,,,,,,,,,,,,,,,,,,,,,,,,"'2026-05-11T06:13:28.565261520Z","'from-group-to-game-backend","'us-central1","'from-group-to-game","'from-group-to-game-backend-00001-hk8","'from-group-to-game-backend",cloud_run_revision,,"'  File ""/layers/google.python.uv/uv-dependencies/.venv/lib/python3.14/site-packages/uvicorn/server.py"", line 79, in serve","'2026-05-11T06:13:28.235792Z"
,6a0173880003990c43ca38a9,,0007b734d976475623b99a47d947180e8f6a5eda1d22b1d29f44b6e24f48d72f46d1331cd7f867b44853f749cd129a92f548732f668e1c2cfa8457f819fea8d63ef796abaa83c1c3fc436a199d00,,"'projects/from-group-to-game/logs/run.googleapis.com%2Fstderr",,,,,,,,,,,,,,,,,,,,,,,,,,,,,,,,,,,,,,,,,,"'2026-05-11T06:13:28.565261520Z","'from-group-to-game-backend","'us-central1","'from-group-to-game","'from-group-to-game-backend-00001-hk8","'from-group-to-game-backend",cloud_run_revision,,"           ~~~~~~~~~~~~~^^","'2026-05-11T06:13:28.235788Z"
,6a0173880003990990c292fc,,0007b734d976475623b99a47d947180e8f6a5eda1d22b1d29f44b6e24f48d72f46d1331cd7f867b44853f749cd129a92f548732f668e1c2cfa8457f819fea8d63ef796abaa83c1c3fc436a199d00,,"'projects/from-group-to-game/logs/run.googleapis.com%2Fstderr",,,,,,,,,,,,,,,,,,,,,,,,,,,,,,,,,,,,,,,,,,"'2026-05-11T06:13:28.565261520Z","'from-group-to-game-backend","'us-central1","'from-group-to-game","'from-group-to-game-backend-00001-hk8","'from-group-to-game-backend",cloud_run_revision,,"    return future.result()","'2026-05-11T06:13:28.235785Z"
,6a01738800039906961f7834,,0007b734d976475623b99a47d947180e8f6a5eda1d22b1d29f44b6e24f48d72f46d1331cd7f867b44853f749cd129a92f548732f668e1c2cfa8457f819fea8d63ef796abaa83c1c3fc436a199d00,,"'projects/from-group-to-game/logs/run.googleapis.com%2Fstderr",,,,,,,,,,,,,,,,,,,,,,,,,,,,,,,,,,,,,,,,,,"'2026-05-11T06:13:28.565261520Z","'from-group-to-game-backend","'us-central1","'from-group-to-game","'from-group-to-game-backend-00001-hk8","'from-group-to-game-backend",cloud_run_revision,,"'  File ""/layers/google.python.runtime/python/lib/python3.14/asyncio/base_events.py"", line 719, in run_until_complete","'2026-05-11T06:13:28.235782Z"
,6a017388000399031296aabb,,0007b734d976475623b99a47d947180e8f6a5eda1d22b1d29f44b6e24f48d72f46d1331cd7f867b44853f749cd129a92f548732f668e1c2cfa8457f819fea8d63ef796abaa83c1c3fc436a199d00,,"'projects/from-group-to-game/logs/run.googleapis.com%2Fstderr",,,,,,,,,,,,,,,,,,,,,,,,,,,,,,,,,,,,,,,,,,"'2026-05-11T06:13:28.565261520Z","'from-group-to-game-backend","'us-central1","'from-group-to-game","'from-group-to-game-backend-00001-hk8","'from-group-to-game-backend",cloud_run_revision,,"           ~~~~~~~~~~~~~~~~~~~~~~~~~~~~~^^^^^^","'2026-05-11T06:13:28.235779Z"
,6a0173880003990085e28501,,0007b734d976475623b99a47d947180e8f6a5eda1d22b1d29f44b6e24f48d72f46d1331cd7f867b44853f749cd129a92f548732f668e1c2cfa8457f819fea8d63ef796abaa83c1c3fc436a199d00,,"'projects/from-group-to-game/logs/run.googleapis.com%2Fstderr",,,,,,,,,,,,,,,,,,,,,,,,,,,,,,,,,,,,,,,,,,"'2026-05-11T06:13:28.565261520Z","'from-group-to-game-backend","'us-central1","'from-group-to-game","'from-group-to-game-backend-00001-hk8","'from-group-to-game-backend",cloud_run_revision,,"    return self._loop.run_until_complete(task)","'2026-05-11T06:13:28.235776Z"
,6a017388000398fd8f5e16c6,,0007b734d976475623b99a47d947180e8f6a5eda1d22b1d29f44b6e24f48d72f46d1331cd7f867b44853f749cd129a92f548732f668e1c2cfa8457f819fea8d63ef796abaa83c1c3fc436a199d00,,"'projects/from-group-to-game/logs/run.googleapis.com%2Fstderr",,,,,,,,,,,,,,,,,,,,,,,,,,,,,,,,,,,,,,,,,,"'2026-05-11T06:13:28.565261520Z","'from-group-to-game-backend","'us-central1","'from-group-to-game","'from-group-to-game-backend-00001-hk8","'from-group-to-game-backend",cloud_run_revision,,"'  File ""/layers/google.python.runtime/python/lib/python3.14/asyncio/runners.py"", line 127, in run","'2026-05-11T06:13:28.235773Z"
,6a017388000398f988bfde5c,,0007b734d976475623b99a47d947180e8f6a5eda1d22b1d29f44b6e24f48d72f46d1331cd7f867b44853f749cd129a92f548732f668e1c2cfa8457f819fea8d63ef796abaa83c1c3fc436a199d00,,"'projects/from-group-to-game/logs/run.googleapis.com%2Fstderr",,,,,,,,,,,,,,,,,,,,,,,,,,,,,,,,,,,,,,,,,,"'2026-05-11T06:13:28.565261520Z","'from-group-to-game-backend","'us-central1","'from-group-to-game","'from-group-to-game-backend-00001-hk8","'from-group-to-game-backend",cloud_run_revision,,"           ~~~~~~~~~~^^^^^^","'2026-05-11T06:13:28.235769Z"
,6a017388000398f53c569782,,0007b734d976475623b99a47d947180e8f6a5eda1d22b1d29f44b6e24f48d72f46d1331cd7f867b44853f749cd129a92f548732f668e1c2cfa8457f819fea8d63ef796abaa83c1c3fc436a199d00,,"'projects/from-group-to-game/logs/run.googleapis.com%2Fstderr",,,,,,,,,,,,,,,,,,,,,,,,,,,,,,,,,,,,,,,,,,"'2026-05-11T06:13:28.565261520Z","'from-group-to-game-backend","'us-central1","'from-group-to-game","'from-group-to-game-backend-00001-hk8","'from-group-to-game-backend",cloud_run_revision,,"    return runner.run(main)","'2026-05-11T06:13:28.235765Z"
,6a017388000398f0159ec0bd,,0007b734d976475623b99a47d947180e8f6a5eda1d22b1d29f44b6e24f48d72f46d1331cd7f867b44853f749cd129a92f548732f668e1c2cfa8457f819fea8d63ef796abaa83c1c3fc436a199d00,,"'projects/from-group-to-game/logs/run.googleapis.com%2Fstderr",,,,,,,,,,,,,,,,,,,,,,,,,,,,,,,,,,,,,,,,,,"'2026-05-11T06:13:28.565261520Z","'from-group-to-game-backend","'us-central1","'from-group-to-game","'from-group-to-game-backend-00001-hk8","'from-group-to-game-backend",cloud_run_revision,,"'  File ""/layers/google.python.runtime/python/lib/python3.14/asyncio/runners.py"", line 204, in run","'2026-05-11T06:13:28.235760Z"
,6a017388000398ed4b2722e7,,0007b734d976475623b99a47d947180e8f6a5eda1d22b1d29f44b6e24f48d72f46d1331cd7f867b44853f749cd129a92f548732f668e1c2cfa8457f819fea8d63ef796abaa83c1c3fc436a199d00,,"'projects/from-group-to-game/logs/run.googleapis.com%2Fstderr",,,,,,,,,,,,,,,,,,,,,,,,,,,,,,,,,,,,,,,,,,"'2026-05-11T06:13:28.565261520Z","'from-group-to-game-backend","'us-central1","'from-group-to-game","'from-group-to-game-backend-00001-hk8","'from-group-to-game-backend",cloud_run_revision,,"'    return asyncio_run(self.serve(sockets=sockets), loop_factory=self.config.get_loop_factory())","'2026-05-11T06:13:28.235757Z"
,6a017388000398e9bac9e928,,0007b734d976475623b99a47d947180e8f6a5eda1d22b1d29f44b6e24f48d72f46d1331cd7f867b44853f749cd129a92f548732f668e1c2cfa8457f819fea8d63ef796abaa83c1c3fc436a199d00,,"'projects/from-group-to-game/logs/run.googleapis.com%2Fstderr",,,,,,,,,,,,,,,,,,,,,,,,,,,,,,,,,,,,,,,,,,"'2026-05-11T06:13:28.565261520Z","'from-group-to-game-backend","'us-central1","'from-group-to-game","'from-group-to-game-backend-00001-hk8","'from-group-to-game-backend",cloud_run_revision,,"'  File ""/layers/google.python.uv/uv-dependencies/.venv/lib/python3.14/site-packages/uvicorn/server.py"", line 75, in run","'2026-05-11T06:13:28.235753Z"
,6a017388000398e617c15ce6,,0007b734d976475623b99a47d947180e8f6a5eda1d22b1d29f44b6e24f48d72f46d1331cd7f867b44853f749cd129a92f548732f668e1c2cfa8457f819fea8d63ef796abaa83c1c3fc436a199d00,,"'projects/from-group-to-game/logs/run.googleapis.com%2Fstderr",,,,,,,,,,,,,,,,,,,,,,,,,,,,,,,,,,,,,,,,,,"'2026-05-11T06:13:28.565261520Z","'from-group-to-game-backend","'us-central1","'from-group-to-game","'from-group-to-game-backend-00001-hk8","'from-group-to-game-backend",cloud_run_revision,,"    ~~~~~~~~~~^^","'2026-05-11T06:13:28.235750Z"
,6a017388000398e31eedb38a,,0007b734d976475623b99a47d947180e8f6a5eda1d22b1d29f44b6e24f48d72f46d1331cd7f867b44853f749cd129a92f548732f668e1c2cfa8457f819fea8d63ef796abaa83c1c3fc436a199d00,,"'projects/from-group-to-game/logs/run.googleapis.com%2Fstderr",,,,,,,,,,,,,,,,,,,,,,,,,,,,,,,,,,,,,,,,,,"'2026-05-11T06:13:28.565261520Z","'from-group-to-game-backend","'us-central1","'from-group-to-game","'from-group-to-game-backend-00001-hk8","'from-group-to-game-backend",cloud_run_revision,,"    server.run()","'2026-05-11T06:13:28.235747Z"
,6a017388000398e0b19df897,,0007b734d976475623b99a47d947180e8f6a5eda1d22b1d29f44b6e24f48d72f46d1331cd7f867b44853f749cd129a92f548732f668e1c2cfa8457f819fea8d63ef796abaa83c1c3fc436a199d00,,"'projects/from-group-to-game/logs/run.googleapis.com%2Fstderr",,,,,,,,,,,,,,,,,,,,,,,,,,,,,,,,,,,,,,,,,,"'2026-05-11T06:13:28.565261520Z","'from-group-to-game-backend","'us-central1","'from-group-to-game","'from-group-to-game-backend-00001-hk8","'from-group-to-game-backend",cloud_run_revision,,"'  File ""/layers/google.python.uv/uv-dependencies/.venv/lib/python3.14/site-packages/uvicorn/main.py"", line 606, in run","'2026-05-11T06:13:28.235744Z"
,6a017388000398dd757fc392,,0007b734d976475623b99a47d947180e8f6a5eda1d22b1d29f44b6e24f48d72f46d1331cd7f867b44853f749cd129a92f548732f668e1c2cfa8457f819fea8d63ef796abaa83c1c3fc436a199d00,,"'projects/from-group-to-game/logs/run.googleapis.com%2Fstderr",,,,,,,,,,,,,,,,,,,,,,,,,,,,,,,,,,,,,,,,,,"'2026-05-11T06:13:28.565261520Z","'from-group-to-game-backend","'us-central1","'from-group-to-game","'from-group-to-game-backend-00001-hk8","'from-group-to-game-backend",cloud_run_revision,,"    ^","'2026-05-11T06:13:28.235741Z"
,6a017388000398d9d8a6b340,,0007b734d976475623b99a47d947180e8f6a5eda1d22b1d29f44b6e24f48d72f46d1331cd7f867b44853f749cd129a92f548732f668e1c2cfa8457f819fea8d63ef796abaa83c1c3fc436a199d00,,"'projects/from-group-to-game/logs/run.googleapis.com%2Fstderr",,,,,,,,,,,,,,,,,,,,,,,,,,,,,,,,,,,,,,,,,,"'2026-05-11T06:13:28.565261520Z","'from-group-to-game-backend","'us-central1","'from-group-to-game","'from-group-to-game-backend-00001-hk8","'from-group-to-game-backend",cloud_run_revision,,"    )","'2026-05-11T06:13:28.235737Z"
,6a017388000398d64a55993a,,0007b734d976475623b99a47d947180e8f6a5eda1d22b1d29f44b6e24f48d72f46d1331cd7f867b44853f749cd129a92f548732f668e1c2cfa8457f819fea8d63ef796abaa83c1c3fc436a199d00,,"'projects/from-group-to-game/logs/run.googleapis.com%2Fstderr",,,,,,,,,,,,,,,,,,,,,,,,,,,,,,,,,,,,,,,,,,"'2026-05-11T06:13:28.565261520Z","'from-group-to-game-backend","'us-central1","'from-group-to-game","'from-group-to-game-backend-00001-hk8","'from-group-to-game-backend",cloud_run_revision,,"        ^^^^^^^^^^^^^^^^^^^^^^^^^^^^^^^^^^^^^^^^^^^^^^^^^^^^^^^^^^^^","'2026-05-11T06:13:28.235734Z"
,6a017388000398d3071d2692,,0007b734d976475623b99a47d947180e8f6a5eda1d22b1d29f44b6e24f48d72f46d1331cd7f867b44853f749cd129a92f548732f668e1c2cfa8457f819fea8d63ef796abaa83c1c3fc436a199d00,,"'projects/from-group-to-game/logs/run.googleapis.com%2Fstderr",,,,,,,,,,,,,,,,,,,,,,,,,,,,,,,,,,,,,,,,,,"'2026-05-11T06:13:28.565261520Z","'from-group-to-game-backend","'us-central1","'from-group-to-game","'from-group-to-game-backend-00001-hk8","'from-group-to-game-backend",cloud_run_revision,,"'        h11_max_incomplete_event_size=h11_max_incomplete_event_size,","'2026-05-11T06:13:28.235731Z"
,6a017388000398d065c861ba,,0007b734d976475623b99a47d947180e8f6a5eda1d22b1d29f44b6e24f48d72f46d1331cd7f867b44853f749cd129a92f548732f668e1c2cfa8457f819fea8d63ef796abaa83c1c3fc436a199d00,,"'projects/from-group-to-game/logs/run.googleapis.com%2Fstderr",,,,,,,,,,,,,,,,,,,,,,,,,,,,,,,,,,,,,,,,,,"'2026-05-11T06:13:28.565261520Z","'from-group-to-game-backend","'us-central1","'from-group-to-game","'from-group-to-game-backend-00001-hk8","'from-group-to-game-backend",cloud_run_revision,,"    ...<47 lines>...","'2026-05-11T06:13:28.235728Z"
,6a017388000398cdd7df079e,,0007b734d976475623b99a47d947180e8f6a5eda1d22b1d29f44b6e24f48d72f46d1331cd7f867b44853f749cd129a92f548732f668e1c2cfa8457f819fea8d63ef796abaa83c1c3fc436a199d00,,"'projects/from-group-to-game/logs/run.googleapis.com%2Fstderr",,,,,,,,,,,,,,,,,,,,,,,,,,,,,,,,,,,,,,,,,,"'2026-05-11T06:13:28.565261520Z","'from-group-to-game-backend","'us-central1","'from-group-to-game","'from-group-to-game-backend-00001-hk8","'from-group-to-game-backend",cloud_run_revision,,"        ^^^^","'2026-05-11T06:13:28.235725Z"
,6a017388000398c961a176e7,,0007b734d976475623b99a47d947180e8f6a5eda1d22b1d29f44b6e24f48d72f46d1331cd7f867b44853f749cd129a92f548732f668e1c2cfa8457f819fea8d63ef796abaa83c1c3fc436a199d00,,"'projects/from-group-to-game/logs/run.googleapis.com%2Fstderr",,,,,,,,,,,,,,,,,,,,,,,,,,,,,,,,,,,,,,,,,,"'2026-05-11T06:13:28.565261520Z","'from-group-to-game-backend","'us-central1","'from-group-to-game","'from-group-to-game-backend-00001-hk8","'from-group-to-game-backend",cloud_run_revision,,"'        app,","'2026-05-11T06:13:28.235721Z"
"'[""CKOPkczNvaKCWw""]",6a017388000398bc6d6541a4,,0007b734d976475623b99a47d947180e8f6a5eda1d22b1d29f44b6e24f48d72f46d1331cd7f867b44853f749cd129a92f548732f668e1c2cfa8457f819fea8d63ef796abaa83c1c3fc436a199d00,,"'projects/from-group-to-game/logs/run.googleapis.com%2Fstderr",,,,,,,,,,,,,,,,,,,,,,,,,,,,,,,,,,,,,,,,,,"'2026-05-11T06:13:28.565261520Z","'from-group-to-game-backend","'us-central1","'from-group-to-game","'from-group-to-game-backend-00001-hk8","'from-group-to-game-backend",cloud_run_revision,ERROR,"'Traceback (most recent call last):
  File ""/layers/google.python.uv/uv-dependencies/.venv/bin/uvicorn"", line 10, in <module>
    sys.exit(main())
             ~~~~^^
  File ""/layers/google.python.uv/uv-dependencies/.venv/lib/python3.14/site-packages/click/core.py"", line 1485, in __call__
    return self.main(*args, **kwargs)
           ~~~~~~~~~^^^^^^^^^^^^^^^^^
  File ""/layers/google.python.uv/uv-dependencies/.venv/lib/python3.14/site-packages/click/core.py"", line 1406, in main
    rv = self.invoke(ctx)
  File ""/layers/google.python.uv/uv-dependencies/.venv/lib/python3.14/site-packages/click/core.py"", line 1269, in invoke
    return ctx.invoke(self.callback, **ctx.params)
           ~~~~~~~~~~^^^^^^^^^^^^^^^^^^^^^^^^^^^^^
  File ""/layers/google.python.uv/uv-dependencies/.venv/lib/python3.14/site-packages/click/core.py"", line 824, in invoke
    return callback(*args, **kwargs)
  File ""/layers/google.python.uv/uv-dependencies/.venv/lib/python3.14/site-packages/uvicorn/main.py"", line 433, in main
    run(
    ~~~^","'2026-05-11T06:13:28.235708Z"
,6a017388000371e4b72872f9,,0007b734d976475623b99a47d947180e8f6a5eda1d22b1d29f44b6e24f48d72f46d1331cd7f867b44853f749cd129a92f548732f668e1c2cfa8457f819fea8d63ef796abaa83c1c3fc436a199d00,,"'projects/from-group-to-game/logs/run.googleapis.com%2Fstderr",,,,,,,,,,,,,,,,,,,,,,,,,,,,,,,,,,,,,,,,,,"'2026-05-11T06:13:28.565261520Z","'from-group-to-game-backend","'us-central1","'from-group-to-game","'from-group-to-game-backend-00001-hk8","'from-group-to-game-backend",cloud_run_revision,,The above exception was the direct cause of the following exception:,"'2026-05-11T06:13:28.225764Z"
,6a017388000371b0d705271d,,0007b734d976475623b99a47d947180e8f6a5eda1d22b1d29f44b6e24f48d72f46d1331cd7f867b44853f749cd129a92f548732f668e1c2cfa8457f819fea8d63ef796abaa83c1c3fc436a199d00,,"'projects/from-group-to-game/logs/run.googleapis.com%2Fstderr",,,,,,,,,,,,,,,,,,,,,,,,,,,,,,,,,,,,,,,,,,"'2026-05-11T06:13:28.565261520Z","'from-group-to-game-backend","'us-central1","'from-group-to-game","'from-group-to-game-backend-00001-hk8","'from-group-to-game-backend",cloud_run_revision,,>,"'2026-05-11T06:13:28.225712Z"
,6a017388000371ac4c124502,,0007b734d976475623b99a47d947180e8f6a5eda1d22b1d29f44b6e24f48d72f46d1331cd7f867b44853f749cd129a92f548732f668e1c2cfa8457f819fea8d63ef796abaa83c1c3fc436a199d00,,"'projects/from-group-to-game/logs/run.googleapis.com%2Fstderr",,,,,,,,,,,,,,,,,,,,,,,,,,,,,,,,,,,,,,,,,,"'2026-05-11T06:13:28.565261520Z","'from-group-to-game-backend","'us-central1","'from-group-to-game","'from-group-to-game-backend-00001-hk8","'from-group-to-game-backend",cloud_run_revision,,"'	debug_error_string = ""UNKNOWN:Error received from peer ipv4:173.194.206.95:443 {grpc_status:3, grpc_message:""List of found errors:\t1.Field: name; Message: Invalid ReasoningEngine resource name.\t""}""","'2026-05-11T06:13:28.225708Z"
,6a017388000371a5c06d6c1f,,0007b734d976475623b99a47d947180e8f6a5eda1d22b1d29f44b6e24f48d72f46d1331cd7f867b44853f749cd129a92f548732f668e1c2cfa8457f819fea8d63ef796abaa83c1c3fc436a199d00,,"'projects/from-group-to-game/logs/run.googleapis.com%2Fstderr",,,,,,,,,,,,,,,,,,,,,,,,,,,,,,,,,,,,,,,,,,"'2026-05-11T06:13:28.565261520Z","'from-group-to-game-backend","'us-central1","'from-group-to-game","'from-group-to-game-backend-00001-hk8","'from-group-to-game-backend",cloud_run_revision,,"'	details = ""List of found errors:	1.Field: name; Message: Invalid ReasoningEngine resource name.	""","'2026-05-11T06:13:28.225701Z"
,6a017388000371a1aa0b631d,,0007b734d976475623b99a47d947180e8f6a5eda1d22b1d29f44b6e24f48d72f46d1331cd7f867b44853f749cd129a92f548732f668e1c2cfa8457f819fea8d63ef796abaa83c1c3fc436a199d00,,"'projects/from-group-to-game/logs/run.googleapis.com%2Fstderr",,,,,,,,,,,,,,,,,,,,,,,,,,,,,,,,,,,,,,,,,,"'2026-05-11T06:13:28.565261520Z","'from-group-to-game-backend","'us-central1","'from-group-to-game","'from-group-to-game-backend-00001-hk8","'from-group-to-game-backend",cloud_run_revision,,"'	status = StatusCode.INVALID_ARGUMENT","'2026-05-11T06:13:28.225697Z"
,6a0173880003719ff0d72490,,0007b734d976475623b99a47d947180e8f6a5eda1d22b1d29f44b6e24f48d72f46d1331cd7f867b44853f749cd129a92f548732f668e1c2cfa8457f819fea8d63ef796abaa83c1c3fc436a199d00,,"'projects/from-group-to-game/logs/run.googleapis.com%2Fstderr",,,,,,,,,,,,,,,,,,,,,,,,,,,,,,,,,,,,,,,,,,"'2026-05-11T06:13:28.565261520Z","'from-group-to-game-backend","'us-central1","'from-group-to-game","'from-group-to-game-backend-00001-hk8","'from-group-to-game-backend",cloud_run_revision,,grpc._channel._InactiveRpcError: <_InactiveRpcError of RPC that terminated with:,"'2026-05-11T06:13:28.225695Z"
,6a0173880003718f1d4f166d,,0007b734d976475623b99a47d947180e8f6a5eda1d22b1d29f44b6e24f48d72f46d1331cd7f867b44853f749cd129a92f548732f668e1c2cfa8457f819fea8d63ef796abaa83c1c3fc436a199d00,,"'projects/from-group-to-game/logs/run.googleapis.com%2Fstderr",,,,,,,,,,,,,,,,,,,,,,,,,,,,,,,,,,,,,,,,,,"'2026-05-11T06:13:28.565261520Z","'from-group-to-game-backend","'us-central1","'from-group-to-game","'from-group-to-game-backend-00001-hk8","'from-group-to-game-backend",cloud_run_revision,,"    ^^^^^^^^^^^^^^^^^^^^^^^^^^^^^^","'2026-05-11T06:13:28.225679Z"
,6a0173880003718c78b9cf1a,,0007b734d976475623b99a47d947180e8f6a5eda1d22b1d29f44b6e24f48d72f46d1331cd7f867b44853f749cd129a92f548732f668e1c2cfa8457f819fea8d63ef796abaa83c1c3fc436a199d00,,"'projects/from-group-to-game/logs/run.googleapis.com%2Fstderr",,,,,,,,,,,,,,,,,,,,,,,,,,,,,,,,,,,,,,,,,,"'2026-05-11T06:13:28.565261520Z","'from-group-to-game-backend","'us-central1","'from-group-to-game","'from-group-to-game-backend-00001-hk8","'from-group-to-game-backend",cloud_run_revision,,"'    raise _InactiveRpcError(state)  # pytype: disable=not-instantiable","'2026-05-11T06:13:28.225676Z"
,6a0173880003717f49ce9d5d,,0007b734d976475623b99a47d947180e8f6a5eda1d22b1d29f44b6e24f48d72f46d1331cd7f867b44853f749cd129a92f548732f668e1c2cfa8457f819fea8d63ef796abaa83c1c3fc436a199d00,,"'projects/from-group-to-game/logs/run.googleapis.com%2Fstderr",,,,,,,,,,,,,,,,,,,,,,,,,,,,,,,,,,,,,,,,,,"'2026-05-11T06:13:28.565261520Z","'from-group-to-game-backend","'us-central1","'from-group-to-game","'from-group-to-game-backend-00001-hk8","'from-group-to-game-backend",cloud_run_revision,,"'  File ""/layers/google.python.uv/uv-dependencies/.venv/lib/python3.14/site-packages/grpc/_channel.py"", line 990, in _end_unary_response_blocking","'2026-05-11T06:13:28.225663Z"
,6a0173880003717c365946a3,,0007b734d976475623b99a47d947180e8f6a5eda1d22b1d29f44b6e24f48d72f46d1331cd7f867b44853f749cd129a92f548732f668e1c2cfa8457f819fea8d63ef796abaa83c1c3fc436a199d00,,"'projects/from-group-to-game/logs/run.googleapis.com%2Fstderr",,,,,,,,,,,,,,,,,,,,,,,,,,,,,,,,,,,,,,,,,,"'2026-05-11T06:13:28.565261520Z","'from-group-to-game-backend","'us-central1","'from-group-to-game","'from-group-to-game-backend-00001-hk8","'from-group-to-game-backend",cloud_run_revision,,"'    return _end_unary_response_blocking(state, call, True, None)","'2026-05-11T06:13:28.225660Z"
,6a017388000371786a461068,,0007b734d976475623b99a47d947180e8f6a5eda1d22b1d29f44b6e24f48d72f46d1331cd7f867b44853f749cd129a92f548732f668e1c2cfa8457f819fea8d63ef796abaa83c1c3fc436a199d00,,"'projects/from-group-to-game/logs/run.googleapis.com%2Fstderr",,,,,,,,,,,,,,,,,,,,,,,,,,,,,,,,,,,,,,,,,,"'2026-05-11T06:13:28.565261520Z","'from-group-to-game-backend","'us-central1","'from-group-to-game","'from-group-to-game-backend-00001-hk8","'from-group-to-game-backend",cloud_run_revision,,"'  File ""/layers/google.python.uv/uv-dependencies/.venv/lib/python3.14/site-packages/grpc/_channel.py"", line 1173, in with_call","'2026-05-11T06:13:28.225656Z"
,6a0173880003717537a4d3c5,,0007b734d976475623b99a47d947180e8f6a5eda1d22b1d29f44b6e24f48d72f46d1331cd7f867b44853f749cd129a92f548732f668e1c2cfa8457f819fea8d63ef796abaa83c1c3fc436a199d00,,"'projects/from-group-to-game/logs/run.googleapis.com%2Fstderr",,,,,,,,,,,,,,,,,,,,,,,,,,,,,,,,,,,,,,,,,,"'2026-05-11T06:13:28.565261520Z","'from-group-to-game-backend","'us-central1","'from-group-to-game","'from-group-to-game-backend-00001-hk8","'from-group-to-game-backend",cloud_run_revision,,"    ^","'2026-05-11T06:13:28.225653Z"
,6a0173880003717376b41951,,0007b734d976475623b99a47d947180e8f6a5eda1d22b1d29f44b6e24f48d72f46d1331cd7f867b44853f749cd129a92f548732f668e1c2cfa8457f819fea8d63ef796abaa83c1c3fc436a199d00,,"'projects/from-group-to-game/logs/run.googleapis.com%2Fstderr",,,,,,,,,,,,,,,,,,,,,,,,,,,,,,,,,,,,,,,,,,"'2026-05-11T06:13:28.565261520Z","'from-group-to-game-backend","'us-central1","'from-group-to-game","'from-group-to-game-backend-00001-hk8","'from-group-to-game-backend",cloud_run_revision,,"    )","'2026-05-11T06:13:28.225651Z"
,6a01738800037170b77c759e,,0007b734d976475623b99a47d947180e8f6a5eda1d22b1d29f44b6e24f48d72f46d1331cd7f867b44853f749cd129a92f548732f668e1c2cfa8457f819fea8d63ef796abaa83c1c3fc436a199d00,,"'projects/from-group-to-game/logs/run.googleapis.com%2Fstderr",,,,,,,,,,,,,,,,,,,,,,,,,,,,,,,,,,,,,,,,,,"'2026-05-11T06:13:28.565261520Z","'from-group-to-game-backend","'us-central1","'from-group-to-game","'from-group-to-game-backend-00001-hk8","'from-group-to-game-backend",cloud_run_revision,,"        ^^^^^^^^^^^^^^^^^^^^^^^^^^^^","'2026-05-11T06:13:28.225648Z"
,6a0173880003716d0179f50b,,0007b734d976475623b99a47d947180e8f6a5eda1d22b1d29f44b6e24f48d72f46d1331cd7f867b44853f749cd129a92f548732f668e1c2cfa8457f819fea8d63ef796abaa83c1c3fc436a199d00,,"'projects/from-group-to-game/logs/run.googleapis.com%2Fstderr",,,,,,,,,,,,,,,,,,,,,,,,,,,,,,,,,,,,,,,,,,"'2026-05-11T06:13:28.565261520Z","'from-group-to-game-backend","'us-central1","'from-group-to-game","'from-group-to-game-backend-00001-hk8","'from-group-to-game-backend",cloud_run_revision,,"'        compression=new_compression,","'2026-05-11T06:13:28.225645Z"
,6a0173880003716a6eb9a072,,0007b734d976475623b99a47d947180e8f6a5eda1d22b1d29f44b6e24f48d72f46d1331cd7f867b44853f749cd129a92f548732f668e1c2cfa8457f819fea8d63ef796abaa83c1c3fc436a199d00,,"'projects/from-group-to-game/logs/run.googleapis.com%2Fstderr",,,,,,,,,,,,,,,,,,,,,,,,,,,,,,,,,,,,,,,,,,"'2026-05-11T06:13:28.565261520Z","'from-group-to-game-backend","'us-central1","'from-group-to-game","'from-group-to-game-backend-00001-hk8","'from-group-to-game-backend",cloud_run_revision,,"    ...<4 lines>...","'2026-05-11T06:13:28.225642Z"
,6a01738800037167fc4b4d86,,0007b734d976475623b99a47d947180e8f6a5eda1d22b1d29f44b6e24f48d72f46d1331cd7f867b44853f749cd129a92f548732f668e1c2cfa8457f819fea8d63ef796abaa83c1c3fc436a199d00,,"'projects/from-group-to-game/logs/run.googleapis.com%2Fstderr",,,,,,,,,,,,,,,,,,,,,,,,,,,,,,,,,,,,,,,,,,"'2026-05-11T06:13:28.565261520Z","'from-group-to-game-backend","'us-central1","'from-group-to-game","'from-group-to-game-backend-00001-hk8","'from-group-to-game-backend",cloud_run_revision,,"        ^^^^^^^^","'2026-05-11T06:13:28.225639Z"
,6a017388000371650e20d2a0,,0007b734d976475623b99a47d947180e8f6a5eda1d22b1d29f44b6e24f48d72f46d1331cd7f867b44853f749cd129a92f548732f668e1c2cfa8457f819fea8d63ef796abaa83c1c3fc436a199d00,,"'projects/from-group-to-game/logs/run.googleapis.com%2Fstderr",,,,,,,,,,,,,,,,,,,,,,,,,,,,,,,,,,,,,,,,,,"'2026-05-11T06:13:28.565261520Z","'from-group-to-game-backend","'us-central1","'from-group-to-game","'from-group-to-game-backend-00001-hk8","'from-group-to-game-backend",cloud_run_revision,,"'        request,","'2026-05-11T06:13:28.225637Z"
,6a0173880003716150933d49,,0007b734d976475623b99a47d947180e8f6a5eda1d22b1d29f44b6e24f48d72f46d1331cd7f867b44853f749cd129a92f548732f668e1c2cfa8457f819fea8d63ef796abaa83c1c3fc436a199d00,,"'projects/from-group-to-game/logs/run.googleapis.com%2Fstderr",,,,,,,,,,,,,,,,,,,,,,,,,,,,,,,,,,,,,,,,,,"'2026-05-11T06:13:28.565261520Z","'from-group-to-game-backend","'us-central1","'from-group-to-game","'from-group-to-game-backend-00001-hk8","'from-group-to-game-backend",cloud_run_revision,,"                     ~~~~~~~~~~~~~~~~~~~~~~~~~~~~~~~~~^","'2026-05-11T06:13:28.225633Z"
,6a0173880003715e3f263cfe,,0007b734d976475623b99a47d947180e8f6a5eda1d22b1d29f44b6e24f48d72f46d1331cd7f867b44853f749cd129a92f548732f668e1c2cfa8457f819fea8d63ef796abaa83c1c3fc436a199d00,,"'projects/from-group-to-game/logs/run.googleapis.com%2Fstderr",,,,,,,,,,,,,,,,,,,,,,,,,,,,,,,,,,,,,,,,,,"'2026-05-11T06:13:28.565261520Z","'from-group-to-game-backend","'us-central1","'from-group-to-game","'from-group-to-game-backend-00001-hk8","'from-group-to-game-backend",cloud_run_revision,,"'    response, call = self._thunk(new_method).with_call(","'2026-05-11T06:13:28.225630Z"
,6a0173880003715aefcda91e,,0007b734d976475623b99a47d947180e8f6a5eda1d22b1d29f44b6e24f48d72f46d1331cd7f867b44853f749cd129a92f548732f668e1c2cfa8457f819fea8d63ef796abaa83c1c3fc436a199d00,,"'projects/from-group-to-game/logs/run.googleapis.com%2Fstderr",,,,,,,,,,,,,,,,,,,,,,,,,,,,,,,,,,,,,,,,,,"'2026-05-11T06:13:28.565261520Z","'from-group-to-game-backend","'us-central1","'from-group-to-game","'from-group-to-game-backend-00001-hk8","'from-group-to-game-backend",cloud_run_revision,,"'  File ""/layers/google.python.uv/uv-dependencies/.venv/lib/python3.14/site-packages/grpc/_interceptor.py"", line 314, in continuation","'2026-05-11T06:13:28.225626Z"
,6a01738800037157b79ea73b,,0007b734d976475623b99a47d947180e8f6a5eda1d22b1d29f44b6e24f48d72f46d1331cd7f867b44853f749cd129a92f548732f668e1c2cfa8457f819fea8d63ef796abaa83c1c3fc436a199d00,,"'projects/from-group-to-game/logs/run.googleapis.com%2Fstderr",,,,,,,,,,,,,,,,,,,,,,,,,,,,,,,,,,,,,,,,,,"'2026-05-11T06:13:28.232636959Z","'from-group-to-game-backend","'us-central1","'from-group-to-game","'from-group-to-game-backend-00001-hk8","'from-group-to-game-backend",cloud_run_revision,,"    raise self","'2026-05-11T06:13:28.225623Z"
,6a01738800037153aee1a6a8,,0007b734d976475623b99a47d947180e8f6a5eda1d22b1d29f44b6e24f48d72f46d1331cd7f867b44853f749cd129a92f548732f668e1c2cfa8457f819fea8d63ef796abaa83c1c3fc436a199d00,,"'projects/from-group-to-game/logs/run.googleapis.com%2Fstderr",,,,,,,,,,,,,,,,,,,,,,,,,,,,,,,,,,,,,,,,,,"'2026-05-11T06:13:28.232636959Z","'from-group-to-game-backend","'us-central1","'from-group-to-game","'from-group-to-game-backend-00001-hk8","'from-group-to-game-backend",cloud_run_revision,,"'  File ""/layers/google.python.uv/uv-dependencies/.venv/lib/python3.14/site-packages/grpc/_channel.py"", line 438, in result","'2026-05-11T06:13:28.225619Z"
,6a017388000371509d4e1a55,,0007b734d976475623b99a47d947180e8f6a5eda1d22b1d29f44b6e24f48d72f46d1331cd7f867b44853f749cd129a92f548732f668e1c2cfa8457f819fea8d63ef796abaa83c1c3fc436a199d00,,"'projects/from-group-to-game/logs/run.googleapis.com%2Fstderr",,,,,,,,,,,,,,,,,,,,,,,,,,,,,,,,,,,,,,,,,,"'2026-05-11T06:13:28.232636959Z","'from-group-to-game-backend","'us-central1","'from-group-to-game","'from-group-to-game-backend-00001-hk8","'from-group-to-game-backend",cloud_run_revision,,"           ~~~~~~~~~~~^^","'2026-05-11T06:13:28.225616Z"
,6a0173880003714d5695e806,,0007b734d976475623b99a47d947180e8f6a5eda1d22b1d29f44b6e24f48d72f46d1331cd7f867b44853f749cd129a92f548732f668e1c2cfa8457f819fea8d63ef796abaa83c1c3fc436a199d00,,"'projects/from-group-to-game/logs/run.googleapis.com%2Fstderr",,,,,,,,,,,,,,,,,,,,,,,,,,,,,,,,,,,,,,,,,,"'2026-05-11T06:13:28.232636959Z","'from-group-to-game-backend","'us-central1","'from-group-to-game","'from-group-to-game-backend-00001-hk8","'from-group-to-game-backend",cloud_run_revision,,"'    return call.result(), call","'2026-05-11T06:13:28.225613Z"
,6a0173880003714a4e2981bb,,0007b734d976475623b99a47d947180e8f6a5eda1d22b1d29f44b6e24f48d72f46d1331cd7f867b44853f749cd129a92f548732f668e1c2cfa8457f819fea8d63ef796abaa83c1c3fc436a199d00,,"'projects/from-group-to-game/logs/run.googleapis.com%2Fstderr",,,,,,,,,,,,,,,,,,,,,,,,,,,,,,,,,,,,,,,,,,"'2026-05-11T06:13:28.232636959Z","'from-group-to-game-backend","'us-central1","'from-group-to-game","'from-group-to-game-backend-00001-hk8","'from-group-to-game-backend",cloud_run_revision,,"'  File ""/layers/google.python.uv/uv-dependencies/.venv/lib/python3.14/site-packages/grpc/_interceptor.py"", line 331, in _with_call","'2026-05-11T06:13:28.225610Z"
,6a017388000371469324d93b,,0007b734d976475623b99a47d947180e8f6a5eda1d22b1d29f44b6e24f48d72f46d1331cd7f867b44853f749cd129a92f548732f668e1c2cfa8457f819fea8d63ef796abaa83c1c3fc436a199d00,,"'projects/from-group-to-game/logs/run.googleapis.com%2Fstderr",,,,,,,,,,,,,,,,,,,,,,,,,,,,,,,,,,,,,,,,,,"'2026-05-11T06:13:28.232636959Z","'from-group-to-game-backend","'us-central1","'from-group-to-game","'from-group-to-game-backend-00001-hk8","'from-group-to-game-backend",cloud_run_revision,,"    ^","'2026-05-11T06:13:28.225606Z"
,6a01738800037143ea012e77,,0007b734d976475623b99a47d947180e8f6a5eda1d22b1d29f44b6e24f48d72f46d1331cd7f867b44853f749cd129a92f548732f668e1c2cfa8457f819fea8d63ef796abaa83c1c3fc436a199d00,,"'projects/from-group-to-game/logs/run.googleapis.com%2Fstderr",,,,,,,,,,,,,,,,,,,,,,,,,,,,,,,,,,,,,,,,,,"'2026-05-11T06:13:28.232636959Z","'from-group-to-game-backend","'us-central1","'from-group-to-game","'from-group-to-game-backend-00001-hk8","'from-group-to-game-backend",cloud_run_revision,,"    )","'2026-05-11T06:13:28.225603Z"
,6a01738800037140210b5110,,0007b734d976475623b99a47d947180e8f6a5eda1d22b1d29f44b6e24f48d72f46d1331cd7f867b44853f749cd129a92f548732f668e1c2cfa8457f819fea8d63ef796abaa83c1c3fc436a199d00,,"'projects/from-group-to-game/logs/run.googleapis.com%2Fstderr",,,,,,,,,,,,,,,,,,,,,,,,,,,,,,,,,,,,,,,,,,"'2026-05-11T06:13:28.232636959Z","'from-group-to-game-backend","'us-central1","'from-group-to-game","'from-group-to-game-backend-00001-hk8","'from-group-to-game-backend",cloud_run_revision,,"        ^^^^^^^^^^^^^^^^^^^^^^^^","'2026-05-11T06:13:28.225600Z"
,6a0173880003713ce943a9af,,0007b734d976475623b99a47d947180e8f6a5eda1d22b1d29f44b6e24f48d72f46d1331cd7f867b44853f749cd129a92f548732f668e1c2cfa8457f819fea8d63ef796abaa83c1c3fc436a199d00,,"'projects/from-group-to-game/logs/run.googleapis.com%2Fstderr",,,,,,,,,,,,,,,,,,,,,,,,,,,,,,,,,,,,,,,,,,"'2026-05-11T06:13:28.232636959Z","'from-group-to-game-backend","'us-central1","'from-group-to-game","'from-group-to-game-backend-00001-hk8","'from-group-to-game-backend",cloud_run_revision,,"'        compression=compression,","'2026-05-11T06:13:28.225596Z"
,6a01738800037138696990c7,,0007b734d976475623b99a47d947180e8f6a5eda1d22b1d29f44b6e24f48d72f46d1331cd7f867b44853f749cd129a92f548732f668e1c2cfa8457f819fea8d63ef796abaa83c1c3fc436a199d00,,"'projects/from-group-to-game/logs/run.googleapis.com%2Fstderr",,,,,,,,,,,,,,,,,,,,,,,,,,,,,,,,,,,,,,,,,,"'2026-05-11T06:13:28.232636959Z","'from-group-to-game-backend","'us-central1","'from-group-to-game","'from-group-to-game-backend-00001-hk8","'from-group-to-game-backend",cloud_run_revision,,"    ...<4 lines>...","'2026-05-11T06:13:28.225592Z"
,6a01738800037135caf307e0,,0007b734d976475623b99a47d947180e8f6a5eda1d22b1d29f44b6e24f48d72f46d1331cd7f867b44853f749cd129a92f548732f668e1c2cfa8457f819fea8d63ef796abaa83c1c3fc436a199d00,,"'projects/from-group-to-game/logs/run.googleapis.com%2Fstderr",,,,,,,,,,,,,,,,,,,,,,,,,,,,,,,,,,,,,,,,,,"'2026-05-11T06:13:28.232636959Z","'from-group-to-game-backend","'us-central1","'from-group-to-game","'from-group-to-game-backend-00001-hk8","'from-group-to-game-backend",cloud_run_revision,,"        ^^^^^^^^","'2026-05-11T06:13:28.225589Z"
,6a01738800037131f5d006ad,,0007b734d976475623b99a47d947180e8f6a5eda1d22b1d29f44b6e24f48d72f46d1331cd7f867b44853f749cd129a92f548732f668e1c2cfa8457f819fea8d63ef796abaa83c1c3fc436a199d00,,"'projects/from-group-to-game/logs/run.googleapis.com%2Fstderr",,,,,,,,,,,,,,,,,,,,,,,,,,,,,,,,,,,,,,,,,,"'2026-05-11T06:13:28.232636959Z","'from-group-to-game-backend","'us-central1","'from-group-to-game","'from-group-to-game-backend-00001-hk8","'from-group-to-game-backend",cloud_run_revision,,"'        request,","'2026-05-11T06:13:28.225585Z"
"'[""CITx_YjQ5baAjAE""]",6a0173880003711efc2ab411,,0007b734d976475623b99a47d947180e8f6a5eda1d22b1d29f44b6e24f48d72f46d1331cd7f867b44853f749cd129a92f548732f668e1c2cfa8457f819fea8d63ef796abaa83c1c3fc436a199d00,,"'projects/from-group-to-game/logs/run.googleapis.com%2Fstderr",,,,,,,,,,,,,,,,,,,,,,,,,,,,,,,,,,,,,,,,,,"'2026-05-11T06:13:28.232636959Z","'from-group-to-game-backend","'us-central1","'from-group-to-game","'from-group-to-game-backend-00001-hk8","'from-group-to-game-backend",cloud_run_revision,ERROR,"'Traceback (most recent call last):
  File ""/layers/google.python.uv/uv-dependencies/.venv/lib/python3.14/site-packages/google/api_core/grpc_helpers.py"", line 55, in error_remapped_callable
    return callable_(*args, **kwargs)
  File ""/layers/google.python.uv/uv-dependencies/.venv/lib/python3.14/site-packages/grpc/_interceptor.py"", line 276, in __call__
    response, ignored_call = self._with_call(
                             ~~~~~~~~~~~~~~~^","'2026-05-11T06:13:28.225566Z"
,6a01736a000ece59ded6b720,,0007b734d976475623b99a47d947180e8f6a5eda1d22b1d29f44b6e24f48d72f46d1331cd7f867b44853f749cd129a92f548732f668e1c2cfa8457f819fea8d63ef796abaa83c1c3fc436a199d00,DEPLOYMENT_ROLLOUT,"'projects/from-group-to-game/logs/run.googleapis.com%2Fvarlog%2Fsystem",,,,,,,,,,,,,,,,,,,,,,,,,,,,,,,,,,,,,,,,,,"'2026-05-11T06:12:58.976002286Z","'from-group-to-game-backend","'us-central1","'from-group-to-game","'from-group-to-game-backend-00001-hk8","'from-group-to-game-backend",cloud_run_revision,INFO,"'Starting new instance. Reason: DEPLOYMENT_ROLLOUT - Instance started due to traffic shifting between revisions due to deployment, traffic split adjustment, or deployment health check.","'2026-05-11T06:12:58.970329Z"